bedrooms,bathrooms,sqft_living,sqft_lot,floors,waterfront,view,condition,grade,year_built,year_renovated,zipcode,lat,long,price
3,1,2803,1153,1,0,0,3,9,2003,0,98001,47.660671,-121.785347,835016.23
5,3,783,9762,1,0,2,4,4,2019,0,98003,47.681937,-122.151515,326073.09
3,3,3412,2842,2,0,3,4,9,1961,1962,98002,47.182798,-121.792089,1025404.09
2,3,2222,9020,2,1,2,4,4,2008,1962,98004,47.440995,-121.871224,758764.79
4,1,4713,1584,2,0,3,4,5,1987,0,98005,47.701306,-122.416623,1314784.23
3,2,4640,1318,1,0,2,3,8,2014,0,98003,47.312048,-122.361773,1296144.34
4,1,682,5971,1,0,0,1,12,1967,0,98002,47.749522,-121.916186,284268.25
2,3,4337,7318,2,0,0,2,9,2006,0,98004,47.192324,-122.407049,1216244.61
2,2,3576,5163,2,0,3,4,3,2009,1966,98002,47.161559,-122.110681,979954.14
1,2,4034,7962,2,0,1,4,12,2004,0,98005,47.199048,-121.649793,1146686.07
2,1,4252,5054,2,0,1,4,4,1950,0,98005,47.223998,-121.595942,1157944.05
2,1,2587,4496,2,0,0,1,10,1965,0,98004,47.267825,-122.432536,755927.95
1,3,2419,6492,2,0,1,4,6,1956,0,98002,47.179647,-121.5247,718287.5
1,2,3870,2315,1,1,2,4,8,1965,0,98004,47.698395,-121.999409,1189151.65
2,2,2587,7730,1,0,1,3,9,1960,0,98005,47.772794,-121.931198,747061.45
4,1,1924,4131,2,0,0,3,8,1969,0,98004,47.236195,-121.963024,628426.97
5,2,2403,4871,1,0,2,5,9,1979,0,98005,47.255158,-121.716946,801420.91
1,1,3688,3847,2,0,2,2,8,1988,0,98003,47.485777,-122.257815,1039255.71
1,2,1983,9420,1,0,0,3,3,2012,0,98002,47.434631,-121.638545,539452.55
5,1,3069,1185,2,0,0,4,3,2011,0,98005,47.566541,-121.597632,862754.17
2,3,3388,4407,2,0,0,3,12,1990,0,98005,47.164021,-122.405144,1030277.27
4,3,4003,9210,1,0,1,3,1,1991,2006,98003,47.432275,-121.84157,1085789.43
3,2,3047,8206,1,0,0,5,11,2004,0,98003,47.213006,-121.926308,927203.79
5,1,2361,6415,2,0,0,2,3,1956,0,98004,47.753368,-122.193221,714253.22
3,1,3129,7134,1,0,3,4,1,1952,0,98005,47.669066,-121.631709,861543.61
5,3,1776,5647,2,1,1,3,5,1955,0,98002,47.301674,-121.556473,739622.64
1,1,1115,9470,2,0,1,4,9,1997,0,98002,47.250494,-121.659259,389520.02
1,2,641,7428,2,0,0,2,6,2000,0,98002,47.549207,-121.736313,243221.42
2,3,4305,6303,2,0,3,2,9,1962,0,98003,47.161138,-122.165208,1246158.23
4,3,873,4923,2,0,3,1,11,1970,0,98001,47.138593,-122.187768,385211.2
5,3,2337,8979,2,1,2,1,8,2007,0,98004,47.262541,-122.313789,820399.27
5,2,1000,8880,1,0,3,5,11,2002,0,98001,47.602225,-121.567647,438855.58
5,1,1381,4576,1,0,0,3,10,1974,1979,98002,47.383511,-121.721381,507192.55
2,1,3112,3672,2,0,1,4,8,2001,0,98004,47.307772,-121.561108,892395.35
4,2,925,1733,2,1,2,3,9,1974,0,98004,47.459574,-122.482045,484127.91
3,1,3867,2492,2,1,3,1,8,1955,0,98002,47.58792,-121.786654,1157416.8
2,2,4039,9965,2,0,0,1,5,2004,2001,98002,47.477615,-121.664747,1082897.62
5,3,3845,8049,2,0,0,3,6,2015,1982,98002,47.727811,-122.044354,1080803.57
1,2,834,4004,1,0,0,1,11,2000,1961,98003,47.612504,-122.329981,283721.34
4,3,1107,9908,2,0,1,5,6,1975,0,98003,47.754324,-121.619808,455786.66
3,3,4796,8539,2,0,2,4,11,2006,0,98001,47.109994,-121.951965,1367911.88
1,1,4150,3548,2,0,0,1,5,1985,0,98005,47.7314,-122.362726,1089105.03
4,1,4375,1458,2,0,1,2,2,1973,0,98002,47.316789,-122.012535,1173388.09
3,1,2305,2334,2,0,0,4,4,2004,1974,98001,47.647679,-122.489735,679946.38
3,1,2087,2147,2,0,3,4,1,2018,0,98005,47.784048,-121.813187,615956.77
3,1,2239,9570,2,1,3,3,4,1970,0,98003,47.12368,-121.93085,773850.59
3,1,3574,6755,1,0,2,2,10,1971,1988,98004,47.790202,-121.890772,1032293.05
5,1,652,6068,1,0,1,1,10,1988,0,98005,47.514842,-122.387503,297948.12
4,3,4502,6329,2,0,3,4,4,2009,0,98005,47.714323,-121.62611,1251825.93
4,3,2606,8994,1,0,1,4,12,2003,0,98005,47.552846,-121.856582,849460.29
5,2,3100,3572,1,0,1,5,12,2012,0,98002,47.554783,-122.408778,1010256.05
5,1,1672,8014,1,0,1,4,3,1951,0,98001,47.203693,-122.157513,527604.3
4,2,3260,4005,1,0,0,3,9,1986,0,98005,47.582829,-121.863169,987491.62
3,1,4577,9711,2,0,3,1,8,1974,1993,98003,47.605169,-121.503981,1238657.19
1,1,2576,8544,1,0,1,4,6,2004,2000,98001,47.167736,-122.241863,728897.71
5,3,1805,5912,1,0,3,5,7,1973,0,98002,47.160627,-122.307892,644810.9
4,3,3256,3720,1,0,2,4,2,1992,0,98004,47.406858,-121.698616,922059.45
2,2,3900,9971,2,0,1,3,4,2006,0,98005,47.320665,-122.101028,1081853.63
4,3,2077,9081,1,0,1,1,6,2016,0,98005,47.693768,-122.406838,647888.65
3,2,3203,1341,2,0,1,5,11,1965,0,98002,47.560124,-121.516844,1006780.98
2,1,1872,5022,1,1,1,2,10,2009,1986,98004,47.224005,-121.696631,671171.71
3,1,4843,7959,1,0,2,3,3,2008,0,98005,47.238341,-122.437698,1295165.76
5,1,751,5807,2,0,1,1,11,1963,1951,98005,47.311681,-122.165379,320967.05
1,3,4265,8543,1,0,1,3,12,1976,0,98005,47.498265,-121.552747,1226505.39
2,3,3937,5992,1,0,3,5,6,1955,0,98004,47.451641,-122.250217,1117207.29
5,3,4343,2864,1,0,3,2,11,2019,1997,98005,47.435059,-122.08522,1263003.19
3,3,1945,2023,1,0,1,1,1,1982,0,98003,47.121882,-122.224889,572207.39
2,3,4432,2531,2,0,0,5,8,1951,2007,98004,47.479245,-122.351337,1251887.91
2,2,3109,6096,1,0,1,3,1,1975,0,98003,47.113882,-122.489921,860667.32
4,1,2210,1638,1,0,2,5,8,1994,1970,98005,47.410537,-122.404882,727166.01
5,3,2835,1073,1,0,0,5,5,1976,0,98003,47.245225,-122.146255,854685.08
2,2,3044,1075,1,0,1,5,12,1980,0,98003,47.313433,-121.604869,918651.18
1,1,2600,9987,1,0,2,1,2,1957,1954,98002,47.556743,-122.232871,672695.41
1,1,1938,6338,1,0,2,2,12,1987,0,98004,47.377359,-122.162653,637589.68
4,3,4869,6589,1,0,1,3,7,1960,1972,98002,47.513512,-121.717841,1358676.81
2,1,1192,3593,2,0,3,4,3,1960,0,98005,47.616038,-121.571431,401150.25
4,3,3525,6352,2,0,0,5,12,1963,1981,98002,47.602754,-122.340681,1117810.21
4,1,892,3523,1,0,0,2,5,1961,0,98003,47.478085,-122.493344,325229.51
4,1,1629,2342,2,0,2,5,9,2018,0,98001,47.707891,-121.928812,585581.11
2,2,4643,8372,1,0,1,1,11,1996,0,98002,47.722808,-122.290985,1275009.38
2,2,3761,8549,1,0,1,4,2,1991,0,98004,47.569244,-121.513689,1021555.95
3,2,720,7879,2,0,2,2,8,1987,0,98005,47.153964,-121.56554,327630.93
4,3,3505,1861,2,1,1,5,10,2012,0,98001,47.178325,-122.48562,1208496.14
4,3,3998,8325,1,0,3,5,11,1981,0,98003,47.527641,-122.096694,1215231.71
4,2,2094,7890,2,0,1,1,9,2006,0,98005,47.262901,-121.659692,660548.53
4,2,730,1354,1,0,2,1,10,1955,0,98003,47.767168,-122.362209,354630.53
1,3,4311,8148,1,0,0,4,4,1983,0,98003,47.262254,-121.737933,1166977.19
2,3,1129,5605,2,0,2,1,12,1956,2010,98003,47.452547,-121.952683,413447.89
4,1,1763,6683,1,0,2,2,2,2000,2009,98003,47.154191,-122.273161,520893.51
2,3,2568,9951,2,0,1,1,4,2016,1993,98002,47.524414,-121.904342,727509.36
5,3,1129,7134,2,0,2,1,4,2015,0,98002,47.632712,-122.193925,392293.11
4,1,4460,5371,1,0,2,3,7,2012,0,98004,47.589367,-122.406359,1264359.15
2,1,4526,8104,2,0,3,5,5,2015,0,98004,47.376887,-122.03143,1245423.47
3,3,4270,7617,2,0,0,4,6,1962,0,98004,47.342558,-122.286436,1194981.04
4,2,4453,4610,2,0,3,4,9,2021,0,98001,47.287353,-122.065237,1305427.13
5,2,1932,4962,2,0,3,2,10,1965,0,98004,47.305797,-122.02605,670619.09
4,2,4762,4240,2,0,2,5,5,1952,0,98002,47.644028,-122.367909,1311464.27
2,2,3920,7593,2,0,2,4,8,1968,0,98005,47.639088,-121.651611,1138392.72
1,2,1660,3110,1,0,3,4,9,1976,1994,98004,47.650832,-122.442019,526925.65
1,1,2845,3965,1,0,0,5,2,1990,1960,98002,47.757893,-122.302921,760895.06
4,2,2252,9124,2,0,0,2,10,2013,0,98003,47.506839,-121.596997,699962.08
1,1,2324,2527,2,0,3,2,10,1988,0,98001,47.210364,-122.48766,685735.73
2,1,4130,2262,2,0,2,5,9,2021,0,98002,47.282628,-122.342657,1157752.28
2,3,2094,7043,1,0,0,1,3,1978,1968,98001,47.40858,-122.037226,599580.93
1,3,4235,5317,2,0,0,3,3,2011,0,98002,47.103988,-121.873025,1136557.33
4,3,2995,7667,1,0,2,5,4,1970,0,98005,47.35039,-122.177091,881790.76
2,3,1736,5202,2,0,1,1,6,1962,0,98003,47.402642,-121.907921,555471.69
4,1,4588,5662,1,0,0,4,8,1960,0,98003,47.144667,-122.33995,1300317.67
5,2,4387,5970,1,1,1,4,10,2015,0,98002,47.658618,-121.860782,1388949.96
5,3,2444,2433,1,1,1,2,8,1963,0,98002,47.575736,-122.160171,889945.66
2,1,3326,9675,2,0,0,1,12,1989,1980,98002,47.608584,-121.870884,968554.0
5,2,4304,2789,1,0,1,1,12,2008,0,98002,47.156161,-121.889351,1281624.19
5,3,1136,9391,2,0,3,1,3,1955,0,98004,47.488918,-121.741739,425192.26
4,2,1696,3047,1,0,0,4,4,1970,0,98005,47.465633,-122.027303,557501.5
5,3,3561,7902,1,1,3,2,7,1961,0,98003,47.489195,-122.089683,1170874.06
4,1,3168,6304,2,0,3,2,12,2019,0,98002,47.519184,-122.435852,994826.46
1,2,1486,5905,2,0,0,5,10,1981,0,98004,47.277801,-122.431221,538357.34
5,3,2257,1423,1,1,2,4,1,1976,0,98005,47.61573,-122.30364,825404.33
5,1,3334,1355,1,0,3,1,9,1962,0,98002,47.422304,-122.133065,1003377.14
5,1,4146,5642,1,0,0,2,9,1977,0,98002,47.239676,-122.466155,1195066.51
5,2,4195,8446,1,0,2,4,4,1979,0,98001,47.555238,-121.519076,1194775.94
1,2,4109,5760,1,0,1,4,12,1982,0,98001,47.334897,-121.623614,1160850.21
1,3,3681,8234,1,0,2,3,11,1956,0,98005,47.345739,-121.515302,1040997.81
2,3,3515,3726,1,0,3,1,6,2014,0,98001,47.276117,-121.812395,962504.19
1,2,4396,7880,1,0,0,1,12,1974,0,98003,47.468454,-121.925583,1248961.02
1,2,4189,5125,2,0,1,2,3,2008,0,98002,47.440951,-121.954542,1106174.44
5,2,2604,8185,1,0,3,3,12,1993,0,98004,47.399134,-121.973761,865582.15
3,2,3648,8944,1,0,0,1,12,1983,0,98001,47.382093,-122.057835,1021025.2
3,1,1122,7668,1,0,1,2,4,1958,0,98002,47.226473,-122.072016,361375.54
1,3,2300,6709,2,0,1,3,11,1994,0,98005,47.44399,-121.630042,701010.49
2,3,2218,3844,2,0,3,3,4,1962,0,98002,47.340442,-122.056188,684559.44
1,3,924,1302,1,0,1,4,11,1951,0,98001,47.510399,-122.022142,409634.34
3,3,4041,1855,2,0,2,2,3,2014,0,98005,47.10448,-121.578863,1136209.79
5,3,2134,5712,1,0,2,2,10,1951,1985,98003,47.198369,-121.628704,686411.34
5,1,4657,8138,2,0,3,2,4,1966,0,98005,47.452604,-121.699115,1293148.81
2,1,1620,8083,2,0,3,2,12,2012,0,98003,47.44421,-121.977911,525772.67
3,2,1615,9131,2,0,0,2,11,1989,0,98001,47.310598,-121.960986,556557.48
4,3,4172,3620,2,1,3,4,1,2011,0,98003,47.401246,-122.408435,1240141.94
2,3,653,7057,1,0,0,5,3,1997,1998,98004,47.472528,-121.929418,287563.92
5,1,1575,4795,1,0,1,4,10,2010,0,98005,47.386502,-121.953468,548455.67
4,3,3014,5423,2,0,3,2,7,1973,1950,98004,47.449951,-122.134351,923800.29
2,2,613,5441,2,0,1,2,8,1979,0,98001,47.243088,-121.670826,237898.03
2,3,3129,3558,1,0,1,2,11,1950,0,98001,47.650595,-122.023745,920478.39
1,3,4928,1874,1,0,3,5,2,1963,0,98001,47.232099,-122.169292,1324942.29
2,3,3843,9867,2,0,2,5,5,2002,0,98001,47.443546,-121.653773,1101187.3
4,2,2975,9640,1,0,0,4,1,1982,1957,98003,47.571326,-121.957688,839704.32
2,2,3505,6012,2,0,2,4,5,1999,0,98004,47.618201,-121.977946,974509.14
1,1,878,6929,2,0,2,4,8,2003,0,98001,47.364392,-121.97627,340560.4
2,3,1695,5801,2,0,2,3,6,2021,0,98003,47.570856,-122.320159,537203.3
3,1,2136,6537,2,0,2,2,3,2010,1992,98001,47.454711,-121.581287,616331.07
3,2,3227,5199,1,0,3,1,6,1950,0,98001,47.450905,-121.924086,906869.0
3,2,2694,1667,2,0,3,5,11,1997,0,98004,47.243034,-122.05742,854145.91
2,3,946,4118,1,0,2,2,12,1953,0,98005,47.163268,-121.827647,425108.53
4,1,2980,7368,1,0,0,4,5,2021,0,98003,47.174266,-122.100918,904526.03
3,2,4636,4327,2,1,0,3,11,1961,0,98002,47.230932,-121.979978,1428946.01
4,2,1927,5070,2,0,3,5,1,1960,0,98002,47.432497,-121.768764,601992.51
2,1,1001,4820,1,0,2,3,12,1957,0,98001,47.248714,-121.607196,391094.53
2,1,1260,1816,1,0,2,4,7,1993,0,98003,47.245425,-122.269701,416277.81
4,2,626,9543,1,0,1,2,9,2019,0,98004,47.345467,-121.659054,319466.73
4,3,2840,7422,2,0,0,3,8,2020,2014,98002,47.621405,-121.971564,868166.07
3,3,4597,7871,1,0,3,3,12,1970,0,98003,47.701532,-121.720452,1324951.82
5,3,1001,4799,1,0,0,4,8,1980,0,98002,47.28055,-122.109819,458176.1
1,3,3815,5203,2,0,0,3,4,2005,0,98005,47.10972,-122.248715,1037112.3
4,1,2680,3321,2,0,0,3,2,1963,0,98004,47.421882,-121.714885,781554.14
3,2,2867,3404,1,0,0,1,7,2010,0,98002,47.293576,-121.760797,793924.73
4,2,4270,8529,2,0,2,5,9,2000,0,98003,47.420217,-122.067125,1252189.93
3,3,3897,5872,1,0,2,5,3,1968,0,98004,47.427611,-122.465193,1109469.5
3,2,2306,4931,2,1,2,1,10,1966,0,98003,47.687014,-122.178744,754789.7
4,1,950,4912,2,0,2,2,9,1952,0,98003,47.131106,-122.041867,383741.01
2,2,4160,5171,2,0,3,5,7,2018,1971,98001,47.798749,-122.387713,1178432.52
4,2,1506,1251,2,0,3,2,2,1985,0,98001,47.163091,-122.01098,483294.22
2,2,3540,7138,2,0,1,4,1,1992,0,98002,47.66648,-122.162405,943738.21
4,3,733,2864,2,0,2,2,9,2003,0,98002,47.607126,-122.362472,328538.18
4,3,1906,4749,1,0,2,3,10,1980,0,98002,47.246166,-122.234254,701921.1
4,2,4380,1060,1,0,1,4,1,2021,0,98003,47.315373,-122.198608,1205487.06
4,1,2521,5983,1,0,1,1,5,2002,0,98002,47.766889,-122.209303,736961.88
1,2,2098,3462,2,1,1,2,12,1953,0,98003,47.488177,-121.886873,725942.79
1,1,2878,1786,1,0,3,2,4,1975,0,98005,47.459468,-122.247394,764885.92
5,1,3397,7326,2,0,0,2,11,1994,0,98002,47.514293,-122.265248,1005797.99
5,1,2841,3504,2,0,3,1,3,1955,0,98002,47.785392,-121.748556,819510.87
1,1,1582,7715,1,0,1,5,5,1956,0,98005,47.331281,-121.749205,469752.52
1,3,2594,6970,2,0,1,2,2,1957,0,98001,47.506303,-122.454639,718149.35
5,2,3879,2817,2,1,1,5,1,1987,0,98002,47.522432,-122.286096,1209921.78
2,1,2206,9096,1,0,1,5,3,2020,0,98004,47.233775,-122.036862,632554.51
3,1,866,5275,2,0,0,2,2,1998,0,98005,47.77864,-121.802969,270977.53
2,2,1555,3558,1,0,0,4,12,1979,0,98001,47.37366,-122.418379,582969.23
5,1,1275,2942,2,0,1,1,10,1981,0,98001,47.376365,-122.051601,448794.07
2,3,3918,7276,1,0,2,1,10,1972,0,98004,47.737069,-121.819835,1080846.54
4,1,1631,9486,1,0,1,3,11,1979,0,98005,47.626555,-122.074238,555171.24
5,3,3826,8041,2,0,0,5,9,1974,0,98002,47.355166,-121.53751,1151992.73
3,3,1310,8780,2,0,0,5,7,1994,0,98005,47.275779,-122.197078,487535.85
3,1,3078,7353,1,0,1,1,10,1976,0,98002,47.103813,-121.678054,875642.81
5,2,4297,2670,2,0,0,1,7,1977,0,98001,47.298059,-122.450986,1229872.4
4,3,4570,7173,2,0,3,3,5,2012,0,98003,47.201096,-121.922987,1268583.11
1,1,2949,3665,1,0,1,5,12,2016,0,98002,47.269183,-122.376995,872056.2
4,2,2909,8873,2,1,0,4,11,2019,1955,98002,47.77085,-121.815308,1003879.53
4,3,4311,2536,2,1,3,1,8,1993,0,98004,47.245524,-121.541535,1312486.5
3,1,1426,8054,2,0,0,2,11,1973,1958,98005,47.107942,-121.743849,495803.26
2,1,3864,8381,1,0,0,1,10,1959,0,98001,47.246336,-122.095384,1018497.24
2,1,1818,5966,2,1,3,4,1,2002,2015,98003,47.534885,-122.132724,616713.63
2,3,1470,1691,1,0,1,5,6,1950,0,98003,47.722133,-121.660425,478177.49
3,1,3711,4375,2,0,1,5,6,1977,1974,98001,47.377743,-121.93426,1123499.06
3,1,3265,5093,2,0,2,5,1,1978,0,98001,47.688719,-121.862271,921088.94
3,2,2264,2270,2,0,1,1,11,1979,0,98005,47.537684,-122.440243,737498.17
1,3,640,2265,2,0,2,5,1,1973,0,98001,47.183721,-122.415202,263885.97
1,1,4521,1979,1,0,3,3,6,1962,0,98001,47.497796,-122.438522,1208582.8
2,3,1642,1441,2,0,3,2,9,1963,0,98004,47.510754,-122.339849,532038.09
4,1,911,1195,2,1,0,5,2,2007,1991,98001,47.303434,-122.277659,460022.25
4,1,3587,6946,1,0,0,3,4,1968,0,98001,47.497453,-121.970484,991651.41
4,2,1089,4025,2,0,0,3,1,1990,1985,98001,47.747973,-121.675262,363514.35
2,1,2903,2224,2,0,1,3,6,1991,2009,98004,47.242167,-121.7458,819759.02
4,1,4767,3404,1,0,2,2,3,2012,0,98005,47.744018,-122.186811,1305727.1
2,2,1680,4455,2,0,0,2,7,1984,0,98003,47.796186,-121.543862,492087.3
3,1,3746,7119,1,1,3,5,6,1987,0,98005,47.280247,-121.515614,1174340.39
5,1,4952,5132,1,0,0,5,1,1997,0,98003,47.233708,-121.936433,1332291.81
2,2,1002,8080,2,1,3,5,8,1986,0,98003,47.101673,-121.60557,466236.91
1,1,1699,2655,1,0,2,2,4,2007,1998,98001,47.489853,-121.833151,474194.41
2,2,2872,4657,2,0,1,3,7,1951,1977,98003,47.302319,-121.958398,859414.1
5,3,1905,5902,1,0,3,3,10,1992,0,98004,47.7806,-122.349071,645063.25
3,2,4167,2844,2,0,3,4,6,1997,0,98002,47.486758,-121.748503,1178192.74
1,2,775,9558,2,0,0,2,7,2015,0,98002,47.462992,-122.482037,259453.53
2,1,2003,3084,2,0,3,2,5,2005,0,98002,47.306747,-121.640686,565990.76
3,3,4361,4910,1,0,0,3,8,2021,0,98005,47.204035,-122.270804,1206891.39
5,1,1591,1965,1,0,2,2,2,1967,1984,98001,47.216459,-121.962412,484487.37
5,1,4802,7034,1,0,1,3,10,1960,0,98005,47.71642,-122.217511,1340706.07
5,1,2224,2390,1,0,2,5,10,1955,1989,98001,47.588106,-121.574378,759263.7
4,1,3522,5632,2,0,3,4,11,1971,0,98002,47.103678,-121.836381,1012511.52
4,1,4922,4657,2,0,3,3,8,1980,0,98004,47.633252,-122.041456,1369402.83
2,3,3018,1636,2,0,1,2,4,1986,0,98003,47.65956,-121.949309,828583.6
5,2,2263,1447,1,0,3,3,1,1963,0,98005,47.605505,-121.798824,684949.1
1,3,2289,8998,2,0,0,4,12,1989,1959,98005,47.205979,-121.509467,734974.13
5,2,1279,7618,2,1,2,3,9,1999,1980,98005,47.397712,-121.537741,592304.31
1,2,2566,5182,2,0,3,1,7,1960,0,98005,47.516354,-122.326874,736530.43
1,3,4048,1177,1,0,1,4,11,2000,0,98003,47.740164,-122.385705,1176289.91
1,1,2501,7943,2,0,1,1,6,1975,0,98003,47.750397,-121.828306,689354.6
2,3,3037,9054,1,0,0,4,8,1968,0,98005,47.332402,-121.979647,849332.84
1,1,2278,2407,1,0,1,5,1,2005,0,98001,47.12578,-121.710297,638192.12
5,1,2232,5446,1,1,0,2,3,1974,0,98002,47.772199,-121.500636,742118.35
4,2,1849,7897,1,0,3,3,1,1985,0,98002,47.76252,-122.462959,585158.09
3,3,2672,8843,1,0,0,5,7,1981,0,98005,47.488536,-122.345943,814589.3
5,1,2828,8771,1,0,0,3,6,1970,0,98003,47.604944,-121.718218,846746.67
1,1,4050,2279,2,0,0,1,12,1980,2006,98004,47.281859,-122.450134,1105055.52
2,3,1836,9461,2,0,1,1,7,1958,0,98003,47.40536,-121.57309,543289.53
3,1,3942,6779,1,0,3,4,5,1992,0,98002,47.249959,-121.553666,1150365.43
3,2,859,4495,1,0,1,1,1,1999,0,98005,47.272843,-121.518496,255317.52
3,2,707,8307,1,0,1,5,12,1966,0,98001,47.328508,-121.868756,371822.86
3,3,1239,2056,2,0,2,1,12,1966,0,98005,47.297295,-122.356192,467389.54
4,3,3089,8942,1,0,3,5,3,2014,1955,98004,47.397916,-122.26946,940859.33
3,3,757,1719,2,0,2,5,9,1951,0,98002,47.779304,-121.885266,353000.17
2,3,4147,3877,1,0,0,3,7,2001,0,98001,47.388056,-121.503104,1175023.94
1,2,4149,6186,2,0,2,2,5,1976,0,98001,47.180449,-121.515617,1110813.02
5,2,3788,6348,2,0,3,4,1,2018,2018,98005,47.179888,-121.556367,1096060.64
2,2,3184,6128,1,0,0,2,4,1982,0,98005,47.528853,-122.482468,874481.92
2,1,4701,9110,2,0,0,4,7,1991,0,98002,47.555218,-122.039326,1257162.34
3,1,3255,2496,1,0,3,1,9,2007,0,98003,47.184914,-121.508755,962844.45
1,1,2209,5004,1,0,0,5,12,1982,0,98005,47.197993,-122.415819,687330.48
4,2,4414,7117,1,0,3,5,10,1966,0,98005,47.597025,-121.740835,1308279.48
2,3,1259,5656,2,0,2,5,9,1989,0,98004,47.757651,-121.50705,443508.78
4,3,743,4590,1,0,3,5,6,1961,0,98004,47.419278,-122.402135,380590.62
4,1,2590,4311,1,0,2,4,6,2010,1977,98002,47.249365,-122.321828,778322.95
4,1,1050,8992,1,0,3,2,11,1970,0,98003,47.522119,-122.117456,410345.92
2,3,1791,5981,2,1,0,5,2,1994,2005,98004,47.153837,-122.383198,671024.05
2,1,4621,2681,2,0,2,4,5,1978,0,98005,47.339645,-122.475018,1260787.0
2,1,1235,2147,1,0,0,3,2,1994,0,98001,47.2524,-121.605556,410705.1
4,2,2757,5378,1,0,1,5,12,1962,1973,98003,47.277007,-122.476075,908426.02
2,1,4351,2994,1,0,3,4,1,2009,1961,98005,47.494622,-121.689994,1163279.49
2,2,1499,6118,1,0,1,2,6,1984,0,98004,47.418741,-122.319246,490319.04
3,2,3430,6136,2,0,2,4,11,1950,1970,98001,47.678838,-122.366393,1046845.26
2,1,3370,3687,1,0,2,2,5,2007,2011,98004,47.440511,-121.529389,891868.43
1,2,1820,8684,2,0,1,1,10,1953,0,98003,47.389533,-121.953631,567576.65
1,2,1987,4956,2,0,0,4,4,1969,0,98003,47.453782,-121.821376,549175.88
5,2,2566,1942,2,0,2,4,3,2008,0,98004,47.564862,-121.916072,728136.61
3,3,4915,3878,1,0,1,3,4,1989,0,98002,47.47226,-122.136681,1329783.28
4,1,1290,4888,1,1,1,2,5,1976,0,98001,47.121845,-122.457504,507059.74
1,3,4846,6831,1,0,2,3,11,1991,0,98002,47.44405,-121.755533,1342386.06
5,2,2676,7454,2,1,0,1,12,1997,0,98003,47.102765,-121.690837,959260.75
3,2,2357,3195,1,0,2,2,12,2011,0,98004,47.623822,-121.911721,774228.39
3,3,4758,7549,2,0,0,1,4,2001,0,98005,47.294591,-121.92807,1247485.11
2,2,770,9441,1,1,0,5,5,1989,0,98001,47.162135,-121.889096,373809.22
1,2,2257,9009,2,0,3,5,12,1995,0,98002,47.382586,-121.993488,737829.75
1,1,2671,5132,2,0,0,4,3,1967,0,98004,47.636417,-121.513214,718820.5
3,2,1991,6959,1,0,1,1,6,1981,0,98004,47.123693,-121.505474,621599.02
5,3,2641,6756,1,0,3,3,8,1978,0,98003,47.278413,-121.503076,857168.61
2,1,3029,9667,2,0,2,3,11,2019,0,98004,47.535997,-121.761097,883844.78
2,2,3984,2450,2,0,1,5,11,2000,0,98002,47.241248,-121.549298,1170471.67
4,1,600,4411,2,0,1,3,10,1994,0,98005,47.371673,-122.120472,310190.45
3,3,1652,4847,2,1,1,3,12,1982,2005,98004,47.549504,-121.650489,686688.32
5,2,1845,8065,2,0,2,5,11,1978,0,98001,47.435825,-121.618877,686883.41
3,2,3774,6746,2,1,1,4,10,1963,0,98003,47.528264,-122.04134,1210688.01
2,2,2850,8948,1,1,0,4,9,1978,0,98005,47.486176,-121.774173,920310.35
1,3,2434,5605,1,0,3,2,1,2001,0,98003,47.644929,-122.47705,710164.48
4,1,4105,3962,1,0,3,1,9,1969,1985,98001,47.561016,-122.17651,1152349.33
2,3,4592,8102,1,0,0,1,7,2009,2006,98005,47.705419,-121.67751,1262593.01
4,2,2288,2549,1,0,3,2,2,1964,1985,98004,47.347855,-122.255588,673297.28
1,3,843,5557,2,0,3,1,4,1959,0,98004,47.444278,-121.766486,292620.73
1,2,2234,2030,2,0,3,5,5,1964,0,98004,47.153923,-121.674382,668609.25
2,3,2810,5599,2,0,3,5,11,2007,0,98005,47.168696,-122.270342,872589.91
5,2,774,1846,1,0,0,3,8,1980,0,98004,47.452629,-121.949695,335968.09
4,3,2819,5509,2,1,1,3,9,1951,1975,98003,47.408161,-121.902028,989946.02
3,3,4256,4152,1,0,2,2,3,2019,0,98004,47.745519,-121.602368,1161925.95
3,1,866,2951,2,0,1,1,12,1984,0,98004,47.341157,-122.415743,345538.65
1,3,1982,8609,2,0,3,4,6,1976,0,98003,47.395322,-122.24481,585170.1
3,3,1379,2616,2,0,3,3,8,1976,0,98001,47.316065,-121.963097,531160.91
4,2,1266,7897,1,1,0,4,8,1966,0,98003,47.697465,-121.831365,527206.38
3,1,1757,6979,1,0,1,1,5,2012,0,98004,47.40426,-122.437157,508871.21
1,3,1463,3920,1,0,1,1,12,1998,0,98004,47.564551,-122.351018,511700.28
3,1,4500,6076,1,0,2,5,10,2000,0,98001,47.107619,-121.623704,1286028.72
2,2,656,8076,1,0,1,5,3,2013,0,98002,47.789856,-122.380217,292437.3
1,1,3850,6022,1,0,2,4,12,2017,0,98005,47.614512,-122.337313,1092761.75
4,2,1142,9902,1,0,0,1,5,1958,0,98001,47.311491,-122.251798,361807.73
2,1,1532,7824,2,0,0,4,12,2005,0,98003,47.541564,-121.599876,556865.73
4,2,1450,9487,1,0,3,2,5,1957,0,98002,47.555393,-122.071909,507721.4
1,2,1775,9523,1,0,2,4,2,1972,0,98004,47.206509,-122.209645,495045.71
3,1,1122,4781,1,0,2,4,3,1997,0,98001,47.120913,-122.49364,378160.51
4,1,709,3057,1,0,2,2,7,1988,1964,98001,47.754011,-121.784683,309843.9
4,2,4045,1850,1,0,1,4,7,1992,0,98001,47.685108,-122.418928,1158981.2
5,2,656,3356,2,0,0,1,12,2020,0,98003,47.691744,-122.069987,342912.95
1,2,4423,4693,2,1,2,2,5,1994,2009,98002,47.508063,-121.753174,1321185.0
1,2,2266,3842,1,1,0,3,3,2009,2001,98005,47.632298,-122.436746,745403.51
1,3,4517,5554,2,0,2,5,4,1962,0,98001,47.158602,-122.32146,1242414.91
4,1,2027,4018,2,0,0,4,1,1953,0,98003,47.176585,-121.831592,589022.09
2,2,1104,1349,2,0,1,3,7,2019,0,98004,47.766877,-122.430308,396925.59
1,3,4295,8127,1,0,3,5,11,1955,0,98004,47.714667,-122.19201,1245918.07
3,2,1928,7361,2,0,3,4,3,1960,0,98003,47.63427,-122.037462,583523.76
2,2,1283,6226,2,0,1,1,12,1965,0,98005,47.612574,-122.179143,464861.28
4,3,722,9169,2,0,2,5,8,1971,0,98005,47.250955,-121.618751,383561.24
1,2,1947,8405,2,0,2,5,6,2008,0,98005,47.39115,-122.037184,592938.23
5,3,4671,6790,2,0,3,1,11,2004,0,98005,47.464362,-121.906721,1353436.16
1,3,2501,8034,1,0,1,4,8,1982,0,98004,47.577994,-121.557994,736608.52
5,2,2245,9727,1,0,3,5,4,2009,1962,98004,47.260959,-121.611199,698202.77
2,3,3469,6949,1,0,3,2,10,1961,0,98004,47.282832,-122.256929,984495.92
4,3,1978,9835,2,0,1,5,2,1958,2020,98004,47.307599,-122.198849,633737.25
2,2,3472,6602,1,0,3,1,8,2001,0,98005,47.517174,-121.970074,953498.83
1,2,2096,6473,1,0,1,4,2,1994,1990,98004,47.404454,-122.077678,621150.31
1,2,1275,6034,1,0,0,4,1,1954,0,98005,47.361085,-122.046661,345612.87
2,3,3108,2257,2,1,1,4,5,1963,2017,98003,47.479188,-122.053542,1007890.68
5,1,2896,3717,2,0,3,2,3,2020,0,98003,47.523066,-121.979523,840090.67
2,3,1162,9650,1,0,1,3,1,1960,1995,98005,47.382438,-121.514403,384807.24
5,3,4872,6641,2,0,1,2,4,1999,1961,98004,47.697008,-122.214899,1351844.74
4,3,801,3294,2,0,3,4,5,2004,0,98001,47.635651,-122.410241,317807.78
5,3,3594,9518,2,1,3,3,4,2005,1993,98001,47.717485,-121.684116,1155920.22
1,2,4265,3386,1,0,0,2,7,1988,0,98004,47.731975,-121.958104,1151436.95
1,3,4695,6324,2,1,1,5,3,1974,0,98004,47.689322,-121.864581,1369969.47
5,3,2128,9031,2,0,2,3,8,1977,0,98005,47.342695,-121.568637,713130.86
1,1,1259,6682,2,0,3,4,1,2010,1993,98001,47.119355,-122.067761,367242.41
4,3,601,1310,2,0,1,3,5,1950,0,98005,47.144586,-122.21684,291460.15
2,3,1108,7912,1,0,0,1,9,1975,0,98001,47.326514,-122.260183,362963.0
5,2,739,8526,1,0,3,2,1,2014,0,98003,47.126549,-122.355621,307793.68
3,1,3854,7535,2,0,1,4,2,2001,0,98003,47.458718,-121.710574,1064231.95
1,1,4254,2197,1,0,3,3,8,1974,0,98002,47.158876,-122.432656,1166174.91
1,3,2185,5224,2,0,2,3,1,1976,0,98003,47.311654,-122.087189,593755.78
2,1,827,2089,1,0,1,3,12,1976,0,98001,47.711674,-121.59216,379836.72
2,1,3197,6643,2,0,1,2,3,1952,0,98003,47.276951,-122.431699,867916.55
5,1,3405,1946,1,0,1,3,12,1955,0,98004,47.38117,-121.955331,1020135.95
3,3,4960,1964,2,0,1,1,7,2018,0,98002,47.711046,-122.467114,1386753.83
4,1,4146,4837,2,0,0,4,11,1959,0,98003,47.615201,-121.971478,1229090.53
3,1,4272,4217,2,0,2,3,12,1983,0,98003,47.732063,-121.695321,1219131.68
3,1,3122,9534,1,0,2,1,2,1987,0,98003,47.712931,-121.706095,839124.21
3,2,938,6805,1,0,3,5,3,1964,0,98004,47.212686,-122.308652,369409.99
4,2,1418,5622,1,0,0,5,1,1965,0,98001,47.463378,-122.156524,475111.41
2,3,3166,8382,1,0,2,4,12,2000,0,98005,47.7808,-122.392857,936457.6
4,2,4317,5655,2,0,1,3,8,1985,0,98001,47.170714,-121.553417,1240141.53
2,3,3662,1861,1,0,0,2,11,1975,0,98002,47.268488,-122.329039,1073015.18
4,2,1853,9171,2,0,1,2,10,1968,0,98004,47.445089,-122.039308,580274.93
3,3,3750,8560,2,0,3,3,10,1960,1990,98001,47.101149,-121.8993,1111107.86
4,1,2850,9105,1,0,1,2,7,1984,0,98001,47.345967,-122.30502,841689.24
2,1,4920,5159,2,0,2,4,5,1976,0,98001,47.272534,-121.64249,1318431.06
2,1,4215,6879,2,0,3,2,10,1995,0,98004,47.374444,-122.218383,1171522.97
1,2,2379,1544,1,0,2,1,4,1998,0,98003,47.317059,-122.393514,657127.62
1,1,1891,1610,2,0,3,5,5,1974,0,98003,47.772855,-122.345871,599263.02
3,1,1278,5966,1,0,1,4,4,1966,2016,98004,47.527162,-122.395613,400838.26
4,3,3152,7904,1,0,1,3,9,1997,0,98003,47.501794,-122.064698,934900.82
3,1,3824,6082,1,0,0,2,12,1972,0,98003,47.332773,-122.118497,1104087.1
2,1,814,5488,2,0,0,5,10,2017,1956,98002,47.639788,-122.152968,307670.93
4,2,1585,8940,1,0,0,3,2,1998,0,98001,47.783387,-121.591798,494476.63
3,2,3883,6747,2,0,1,5,9,1954,0,98004,47.509391,-122.114039,1115003.58
3,2,2945,5712,1,0,1,3,12,2010,0,98003,47.462257,-122.081902,884942.46
2,1,4033,9842,1,0,3,3,8,1967,0,98002,47.350881,-122.233803,1131063.94
2,3,4227,9505,2,0,1,5,12,1977,0,98003,47.5345,-122.394718,1254663.75
3,2,3673,5333,1,0,2,4,6,1954,1961,98003,47.521094,-121.527495,1024710.44
5,3,4973,1170,1,0,1,2,12,1999,0,98002,47.434638,-121.757388,1402286.85
5,1,3839,7048,1,0,1,2,7,1959,0,98001,47.468738,-121.666839,1109544.09
3,2,1972,3871,1,0,1,3,11,1986,0,98002,47.37167,-122.026619,681619.74
4,3,2638,2972,2,1,2,1,7,1959,0,98001,47.523087,-122.051251,897922.59
5,3,4453,5471,2,0,0,3,11,1994,0,98002,47.584716,-122.440895,1315446.44
1,1,3943,7286,1,1,1,5,12,2010,0,98004,47.732237,-122.205801,1231608.86
3,2,4752,1899,1,0,1,4,3,1991,0,98002,47.379996,-121.984554,1328408.79
1,3,2368,1469,1,1,1,4,3,2017,0,98005,47.311285,-122.232892,758705.85
3,3,638,8248,1,0,2,3,5,1991,1977,98001,47.740281,-121.671687,253659.98
5,3,4162,2662,1,0,1,2,3,1984,0,98005,47.330704,-122.362481,1193666.02
4,2,2429,7888,1,0,0,5,10,1976,0,98001,47.740328,-121.684795,788435.62
4,3,2771,2454,2,0,2,4,4,2000,0,98002,47.536981,-121.952349,845312.43
1,1,708,6355,2,1,0,1,4,1970,0,98001,47.659964,-121.608115,292909.31
1,1,4728,4664,2,0,0,4,5,1999,0,98001,47.682004,-121.772621,1288948.85
3,2,4835,6353,2,0,1,2,9,2006,1950,98002,47.305863,-121.644554,1348192.38
1,1,4777,8692,1,0,1,2,1,2001,0,98002,47.405746,-122.354218,1219999.96
1,1,3706,8591,1,0,2,5,9,2017,0,98004,47.268286,-122.122086,1056473.52
5,3,736,3162,2,0,3,5,8,1976,0,98003,47.693558,-122.043267,374916.25
4,2,4337,8842,1,0,3,4,8,2000,0,98004,47.710181,-122.023052,1215552.31
3,1,4451,4826,2,0,3,2,8,1977,0,98002,47.456339,-122.356456,1271212.96
5,2,930,7297,1,0,3,5,5,2008,0,98001,47.53837,-121.84775,424851.54
4,3,796,7322,1,0,0,4,3,1975,0,98004,47.610564,-121.510562,311017.28
4,2,2015,5867,1,0,3,1,2,1983,0,98004,47.724792,-122.375403,591413.55
2,3,3896,4115,2,0,2,3,1,2011,0,98001,47.182354,-121.96735,1055251.48
2,3,3620,4228,1,0,0,2,6,1990,0,98002,47.265328,-121.667778,979062.36
1,1,3969,2960,1,0,1,1,4,1995,0,98002,47.651531,-121.840873,1005556.45
1,2,1440,6052,1,0,3,1,11,1985,2011,98002,47.269775,-121.761063,457139.56
2,3,4242,7267,2,0,3,2,1,2003,0,98004,47.700188,-122.469678,1154885.94
5,2,3269,7576,1,0,3,5,2,2019,1958,98003,47.291822,-121.944344,985934.64
3,3,1777,2216,1,0,3,3,10,1992,1994,98002,47.465661,-122.217831,618952.27
5,2,1543,9973,2,1,2,5,12,1991,0,98004,47.648079,-121.590849,712325.0
4,2,4046,6810,1,0,2,2,6,1990,1963,98003,47.191953,-122.12676,1107967.86
4,3,1451,8101,2,0,0,4,4,2017,0,98005,47.217341,-122.238849,512816.31
5,3,2351,7753,1,0,1,5,1,2019,0,98002,47.280696,-121.532157,702894.93
1,3,2445,7491,1,0,3,4,8,2003,0,98003,47.140563,-122.132184,731043.44
4,1,2321,4741,1,0,1,4,5,1965,1958,98004,47.238804,-122.153852,723656.22
5,1,2373,7843,2,0,3,5,6,1967,0,98003,47.214052,-122.256261,774354.02
2,2,1250,1094,1,1,0,4,3,1999,2011,98001,47.240975,-121.580547,474986.0
3,2,1961,4935,2,1,2,4,5,1953,0,98002,47.58043,-122.445187,708879.96
5,2,4109,5803,1,0,1,3,1,1950,0,98004,47.123474,-122.210833,1151023.76
3,3,2068,5267,1,1,1,2,1,2012,0,98005,47.719725,-121.773509,669194.41
1,1,1084,8212,1,0,0,4,7,1953,1988,98004,47.227095,-121.802259,392115.0
5,2,1351,3142,2,0,3,1,6,1990,0,98001,47.59467,-122.145811,461933.39
1,2,709,1064,2,0,3,5,6,1962,0,98002,47.343329,-122.34841,268929.32
4,2,2952,8709,1,0,1,3,9,2012,0,98001,47.453546,-121.904576,887203.08
3,1,4878,4727,2,0,1,2,12,2004,1970,98002,47.572774,-122.197849,1355906.46
3,2,4124,6173,1,0,2,3,1,1976,1964,98004,47.506212,-121.597196,1148882.89
4,1,1658,9932,1,0,0,1,7,1977,0,98004,47.305366,-122.457899,520353.26
5,3,800,1179,2,0,3,1,10,1999,0,98002,47.169881,-122.048555,375845.03
2,3,4315,5650,1,0,0,4,10,2018,0,98002,47.615933,-121.660277,1214614.82
2,1,1815,3293,2,0,0,2,12,1962,0,98005,47.496208,-122.116657,586313.34
3,3,1331,7644,2,0,3,5,2,1954,0,98001,47.290765,-121.937509,468170.48
5,1,973,6608,2,0,3,2,5,1990,0,98004,47.538779,-121.971515,356792.45
3,3,3749,1399,1,0,1,4,8,1975,0,98001,47.679723,-121.807368,1100754.32
3,2,3844,2169,2,0,3,2,3,1960,0,98004,47.44742,-122.190513,1046840.29
1,3,4541,8532,1,0,2,2,12,1976,0,98005,47.477747,-121.546622,1278343.09
2,1,4548,3175,2,0,3,4,3,2012,0,98002,47.627391,-121.858296,1231762.07
5,2,1245,3959,1,0,0,3,12,1992,0,98003,47.620445,-121.67359,483536.35
3,2,4195,4258,2,0,3,2,12,1995,0,98002,47.146367,-122.243527,1252581.55
5,1,4678,2823,2,1,2,3,6,1981,0,98003,47.102271,-121.769074,1449550.62
5,3,2535,2337,2,0,3,5,6,1991,0,98002,47.519067,-122.146368,855584.91
5,3,3333,2914,2,0,3,5,2,2019,0,98002,47.701271,-122.44706,949472.87
2,1,3161,1453,1,0,3,5,3,1991,0,98004,47.678515,-121.675794,928289.62
4,1,2652,5119,1,0,2,2,8,1998,1983,98001,47.790352,-122.121331,830927.76
2,3,2539,8348,1,0,3,5,8,1993,0,98002,47.134307,-122.326319,783402.87
5,1,1302,5868,1,0,1,1,2,1963,0,98002,47.248348,-122.338852,415875.12
2,2,3399,4037,2,0,0,5,7,2002,0,98001,47.247114,-122.017637,1007150.35
1,2,1107,4459,2,0,2,2,3,1954,0,98002,47.367773,-121.788557,328247.49
2,2,2023,3856,1,0,1,2,12,1991,0,98005,47.556753,-121.884828,650682.45
5,2,2667,7413,2,0,0,3,4,1960,0,98002,47.639116,-122.350389,774215.8
2,1,4765,9106,2,0,2,4,11,1995,1955,98005,47.336231,-121.806796,1315110.08
1,2,1351,2080,1,0,3,5,2,1981,0,98005,47.314397,-121.939752,409734.31
1,1,2616,5944,2,0,1,3,1,1982,0,98002,47.223674,-122.036098,740358.12
2,3,1148,7904,2,0,1,3,5,2015,0,98003,47.237675,-121.986927,397099.85
5,2,3155,9679,1,0,1,2,4,2004,0,98004,47.452728,-121.960572,901182.11
5,1,1238,7431,2,0,3,3,3,1969,0,98004,47.44688,-121.802615,404985.12
3,3,2320,4028,1,0,3,3,5,1972,0,98004,47.456648,-121.739291,706688.08
5,3,4416,3844,2,0,1,3,11,2002,0,98001,47.569058,-122.330445,1339285.08
4,3,4388,7058,1,0,3,5,9,2008,0,98004,47.530441,-121.56368,1333048.38
5,2,2313,4315,1,0,3,2,1,1988,0,98003,47.324447,-121.830909,670967.18
4,1,4783,5824,1,0,1,3,7,2007,0,98002,47.161357,-122.395598,1322042.32
4,2,4544,5401,2,0,2,2,11,2001,0,98004,47.270752,-121.822928,1294063.48
3,1,2401,3329,1,0,3,2,6,2018,0,98001,47.279272,-122.451881,739424.55
3,1,4770,4755,1,0,1,4,8,1994,0,98005,47.288056,-122.032772,1322209.8
5,2,3960,3532,2,0,3,2,2,2003,0,98002,47.649592,-121.857339,1108948.0
5,3,4562,2096,1,0,1,5,10,1982,0,98004,47.184548,-122.268664,1342768.41
4,2,3812,8091,2,0,0,5,3,1991,0,98005,47.137111,-122.136753,1040776.33
3,3,3187,1196,1,0,1,5,1,2020,1955,98003,47.463491,-122.428814,897983.23
3,3,2299,8556,2,0,0,4,8,2018,0,98005,47.288839,-121.875312,722058.05
5,1,747,9605,2,0,0,4,5,2018,0,98004,47.747251,-122.060915,339958.66
1,3,3611,5956,1,0,1,3,4,1980,0,98004,47.608123,-122.226153,994422.61
1,3,2129,3702,2,1,2,4,8,1990,0,98002,47.790975,-121.636755,768228.53
1,3,717,4924,2,0,0,5,11,2018,0,98001,47.784491,-122.342317,294096.19
3,3,1086,3620,1,0,3,3,3,2017,0,98005,47.474939,-122.420511,376382.86
1,2,1835,6267,1,0,0,1,12,1990,1998,98002,47.430411,-122.092545,553059.22
1,3,3447,7297,1,0,0,5,12,1989,1983,98005,47.279508,-121.676116,1006822.71
5,3,1621,5769,2,0,3,1,3,1974,0,98001,47.60377,-121.622322,570982.78
5,2,2819,5824,1,1,0,3,8,2015,0,98001,47.74919,-122.492645,978627.07
2,3,3765,3496,1,0,0,4,1,2014,0,98003,47.648407,-122.379919,1029832.11
1,3,3699,4685,2,0,1,3,9,1991,0,98004,47.387203,-121.963043,1041084.47
4,3,816,2486,1,0,2,2,10,2016,0,98002,47.210817,-122.392329,357478.3
1,2,4546,7271,1,0,3,4,6,1994,0,98003,47.554186,-122.256785,1257286.4
1,1,3305,1287,2,0,3,1,11,1980,0,98004,47.615224,-121.7086,913673.12
1,1,2483,6824,1,0,2,2,2,2007,0,98004,47.539845,-122.288062,635855.01
1,2,2106,6821,2,0,3,1,6,1989,0,98003,47.155655,-122.300084,632799.7
5,1,4764,1859,1,0,0,5,9,2001,0,98001,47.458187,-122.196188,1356572.86
5,1,2897,6044,2,1,1,4,8,2014,0,98004,47.64504,-121.912986,975117.94
1,2,2311,8913,1,0,0,2,4,1976,2000,98004,47.383234,-122.286313,630134.08
2,2,1607,1005,1,0,1,2,10,1977,2019,98005,47.2879,-122.017046,561568.95
2,1,3196,1860,1,0,2,2,1,1985,2021,98002,47.316277,-122.287329,859196.84
1,1,3986,8656,1,0,2,5,2,1975,0,98003,47.262229,-122.493945,1063579.42
4,3,2382,1873,2,0,3,1,9,1986,0,98001,47.699184,-122.121455,746301.09
5,1,4744,8704,2,0,2,5,12,1963,1970,98001,47.515049,-121.545216,1404994.62
3,3,2961,1909,2,0,1,1,4,2004,0,98002,47.640022,-122.19416,839220.42
4,1,1634,8257,1,0,0,4,1,1983,0,98001,47.208988,-121.732418,498771.62
5,3,4421,1533,2,0,3,4,10,2007,0,98001,47.411038,-122.217459,1288177.92
3,1,4376,7697,2,0,2,2,2,1953,0,98002,47.718354,-121.700879,1202471.31
2,2,2339,1859,2,0,0,3,4,2018,2019,98003,47.387081,-122.304088,654285.01
2,2,1035,5436,2,0,0,3,1,1978,0,98001,47.352366,-122.239272,314356.77
5,1,1092,6763,2,0,3,1,6,1963,0,98002,47.192038,-122.112597,394571.81
5,1,4541,2428,1,0,2,2,5,1960,0,98003,47.537094,-122.47077,1284834.68
3,3,2716,5216,2,0,0,3,3,2002,1981,98001,47.39514,-122.16118,797352.64
2,3,2668,7355,2,0,0,4,8,1965,0,98001,47.408255,-122.329204,780814.15
4,3,2328,9285,1,0,0,1,4,2015,2008,98005,47.412539,-121.977289,675879.98
2,1,3243,5731,2,1,3,1,8,1953,0,98004,47.497472,-121.595339,1001247.93
3,1,4247,6245,2,0,1,5,12,1972,0,98005,47.609486,-121.888735,1249388.28
2,2,4112,1395,2,0,3,2,8,1950,0,98001,47.502778,-121.731002,1162665.84
4,1,1959,5726,1,0,1,1,1,2006,0,98004,47.105101,-121.930162,542675.01
2,2,3107,5048,2,0,2,3,1,2009,0,98002,47.159325,-121.517897,875059.28
4,2,3761,4819,1,0,2,1,1,2017,0,98003,47.637297,-121.969701,1024458.28
1,2,3995,4821,1,0,1,3,1,1954,1976,98004,47.653972,-121.557305,1051663.6
4,3,3659,9593,2,0,1,2,10,1960,0,98004,47.264937,-121.641118,1059990.6
4,2,3292,8300,2,0,3,1,1,1953,0,98005,47.334395,-121.766479,924601.01
5,3,962,4083,2,0,0,4,5,1954,1978,98001,47.477661,-121.839376,421987.83
2,1,873,9992,2,0,2,4,5,2016,1964,98003,47.718012,-122.058824,306564.63
2,3,4606,2495,1,0,3,3,10,1982,0,98005,47.241933,-122.251603,1338646.46
5,2,3688,2561,1,0,2,4,4,1982,0,98003,47.700171,-121.870853,1053693.22
2,2,3927,9757,1,0,1,4,10,2015,0,98003,47.248615,-122.142486,1130537.6
1,3,727,7658,1,0,1,2,12,1976,1960,98003,47.115183,-121.828892,324033.78
3,2,3846,2646,1,0,3,5,9,1961,0,98004,47.631355,-122.221699,1131536.12
2,3,1800,7137,2,1,1,2,3,1970,0,98004,47.462625,-121.830695,641745.73
4,2,3665,3684,1,0,3,3,9,1964,0,98004,47.521159,-121.978497,1062400.62
1,3,4859,6836,2,0,3,2,12,1997,0,98001,47.355088,-122.330423,1365911.79
4,3,4162,4251,2,0,0,2,1,1972,0,98002,47.64435,-121.982037,1107401.75
4,3,670,1373,2,0,0,1,2,1972,0,98004,47.455869,-121.687954,234985.39
1,1,4505,6872,1,0,0,2,10,1970,0,98005,47.302975,-122.314387,1221315.38
1,3,1068,8149,1,0,1,2,7,2008,0,98003,47.677566,-122.130759,358737.39
2,3,4160,2304,2,0,2,5,3,1993,0,98005,47.199308,-121.863258,1138627.02
3,1,2523,7237,1,0,2,5,7,1993,0,98002,47.790145,-121.689868,812262.59
4,1,3579,4971,2,0,0,1,9,2003,0,98004,47.550919,-122.127455,998375.87
4,3,4622,2013,2,0,0,2,9,1956,0,98005,47.576559,-122.443955,1292935.86
1,1,4819,8850,1,0,2,1,6,2018,0,98001,47.212114,-121.83983,1276839.79
3,2,1166,6743,2,0,1,5,10,1982,1993,98002,47.409157,-121.86494,476090.54
4,3,3727,8319,2,0,0,1,7,1967,0,98001,47.539599,-121.713932,1042448.63
1,1,4616,9208,2,0,1,5,4,1967,2000,98003,47.139666,-122.46094,1235788.63
2,1,1765,7045,2,0,1,4,12,1959,0,98003,47.656536,-122.057988,559923.04
2,3,4836,9912,2,0,1,1,5,2009,0,98005,47.363443,-121.538502,1265181.18
5,3,2415,5336,2,0,2,2,5,1999,0,98002,47.56845,-122.296318,777889.02
5,1,4567,8150,2,0,2,1,4,2003,0,98002,47.432858,-122.283652,1246040.95
2,1,740,7842,2,0,1,4,7,1971,0,98003,47.531627,-121.976268,309283.9
1,3,3910,2218,2,0,3,3,1,1984,0,98004,47.531246,-121.754891,1035580.1
1,3,1101,9824,1,0,2,1,5,1997,0,98001,47.700012,-121.775603,340817.55
5,1,2054,7029,2,0,3,5,9,1995,0,98003,47.580561,-121.958461,706173.39
3,2,4879,7123,2,0,1,1,5,2018,1970,98004,47.104213,-121.501951,1315155.27
2,1,1135,3468,1,0,2,5,5,1981,0,98003,47.286579,-121.710787,385887.04
3,3,2760,9992,2,0,1,5,2,2021,0,98003,47.181898,-121.947936,783429.34
5,2,4841,3495,2,0,2,5,3,2001,0,98005,47.17637,-122.053498,1370703.45
3,2,3429,9134,1,0,0,1,12,1996,0,98005,47.329255,-122.202749,1012241.85
1,1,4983,2875,2,0,0,5,1,1992,0,98005,47.782333,-122.13475,1286230.68
4,3,2225,3110,2,0,3,2,7,2008,0,98001,47.259801,-122.15042,690531.51
4,2,2752,5563,2,0,1,3,11,2013,0,98002,47.645934,-122.125866,880086.72
3,1,3927,5417,2,0,3,5,11,2013,0,98004,47.579457,-121.779126,1128800.06
4,3,870,2534,1,1,1,3,10,1982,0,98005,47.582018,-121.688093,513224.48
3,3,4926,9596,2,0,1,5,12,1960,1983,98001,47.468277,-121.564005,1445368.98
2,3,4415,2752,1,0,1,3,9,1972,2002,98001,47.533496,-122.476144,1263902.26
5,1,1956,9702,2,0,0,3,11,2014,0,98001,47.686752,-122.208383,689340.17
3,3,4689,4185,1,0,3,1,10,1981,0,98002,47.60499,-121.795605,1321565.16
1,2,690,3953,2,1,0,2,10,1976,0,98003,47.478531,-121.764712,369786.35
5,1,2777,1472,2,1,0,3,3,1962,1976,98004,47.331368,-121.620955,894269.23
1,1,2330,9408,1,0,0,5,10,1987,0,98005,47.194759,-122.298042,707939.32
4,1,2958,7571,1,0,0,3,11,2010,0,98004,47.64133,-122.475966,908432.98
2,1,3309,5563,2,0,0,1,8,2004,1994,98002,47.269346,-121.641022,872378.57
4,3,948,1280,2,0,1,3,11,2001,1991,98003,47.420195,-122.068576,451943.31
2,1,4932,5161,2,0,0,5,7,1981,1971,98001,47.441772,-122.400516,1355370.92
3,2,1893,6124,2,0,1,3,1,1961,2009,98003,47.32736,-121.644668,567207.21
5,2,2947,9502,1,0,2,3,1,2016,0,98005,47.364327,-122.115037,878719.68
1,2,3591,7913,2,0,2,4,8,1995,0,98005,47.579321,-122.036995,1004997.17
3,2,3400,6315,1,0,2,3,4,2009,0,98002,47.397063,-121.610055,942544.66
1,2,4856,5789,1,0,2,3,12,1990,1951,98001,47.721504,-121.551307,1344132.74
2,1,1724,3951,2,0,1,1,12,2012,0,98002,47.751534,-121.808878,529986.6
1,3,1173,1161,1,0,3,5,2,1987,0,98003,47.463495,-121.733465,387224.99
4,2,4679,2608,1,0,3,3,9,2007,0,98002,47.270209,-122.278818,1343222.76
1,3,1428,1260,2,0,0,5,11,1984,1962,98004,47.165261,-122.429179,499124.49
2,2,1070,2566,2,0,3,3,8,2010,0,98004,47.132822,-121.990676,406821.22
1,2,4750,1686,2,0,3,4,5,1969,0,98002,47.642989,-122.471143,1266176.65
5,2,2851,2506,2,0,0,2,7,1987,0,98002,47.62998,-122.475931,886995.41
2,3,4567,1375,1,1,3,2,11,1977,0,98003,47.788726,-122.085047,1394004.67
5,1,3232,8459,1,0,0,4,6,2006,0,98002,47.596914,-121.867701,944079.37
3,2,4832,2098,1,1,1,1,11,2009,0,98002,47.279354,-121.535185,1476858.61
5,1,1698,3539,1,0,0,5,10,2002,0,98003,47.676277,-122.152013,614711.41
3,2,3689,8606,1,1,1,1,10,1959,0,98004,47.109835,-122.46413,1123878.85
2,1,1031,4413,1,0,2,5,11,2018,0,98002,47.618261,-122.114546,431226.46
1,1,1833,9736,1,0,3,1,8,1950,0,98001,47.48814,-122.238581,557335.34
2,2,2129,1698,2,0,2,1,12,1985,0,98003,47.679606,-122.075706,645449.72
4,1,4951,1669,2,0,1,5,3,1960,1983,98004,47.378617,-122.440811,1381527.43
2,3,1980,9816,2,0,2,4,4,1988,0,98002,47.123561,-121.567934,590798.47
2,1,741,5592,1,0,3,5,8,1950,0,98005,47.733176,-121.942434,359650.2
4,3,1816,4306,2,0,1,5,1,2002,0,98002,47.554896,-122.429072,555702.11
4,1,4447,8676,1,0,2,5,10,1952,0,98004,47.784661,-122.1231,1257256.05
2,3,4787,7180,1,0,1,5,11,1983,0,98001,47.549254,-121.790062,1371654.4
4,2,2376,8585,1,0,2,3,4,2013,1978,98004,47.415869,-121.706315,707473.59
2,3,4251,7333,2,0,1,4,1,2004,0,98001,47.249251,-121.599961,1161732.66
2,3,3052,7680,1,0,1,3,5,2000,0,98005,47.165458,-121.640345,855609.83
4,1,1317,5245,1,0,2,2,4,1972,0,98002,47.580615,-122.398679,421094.29
3,1,1160,4253,1,0,1,5,12,1972,0,98003,47.474484,-122.044654,455352.48
4,2,1504,2990,2,0,3,2,7,1993,1973,98001,47.593212,-122.121629,498625.21
1,3,1536,8988,2,0,2,4,9,1965,2005,98002,47.553001,-121.730868,548716.48
3,1,896,4714,2,0,3,2,10,1982,1990,98003,47.100659,-121.595565,355142.67
1,1,2360,3128,2,0,0,1,6,1987,0,98003,47.603018,-121.510584,668929.8
4,3,1799,2955,1,0,2,4,8,1985,0,98005,47.600714,-122.348857,621189.34
4,3,4886,9521,2,0,2,3,3,1950,0,98003,47.620918,-121.822763,1332975.91
2,2,4493,7019,1,0,0,2,3,1981,0,98001,47.146717,-122.216157,1196381.21
1,1,1545,3216,1,0,0,4,3,1990,0,98003,47.530786,-121.610322,503146.11
4,3,2236,1022,1,0,2,3,3,1968,0,98002,47.53848,-122.240619,667351.56
4,2,2841,2729,2,0,0,2,2,1955,0,98004,47.612115,-121.630599,822178.43
4,3,3513,8501,2,0,2,1,10,1991,1998,98001,47.167789,-122.005175,1045864.07
1,3,3766,7582,2,1,2,3,7,1962,1998,98004,47.398119,-121.754869,1158026.97
4,2,2996,7951,1,1,0,1,8,1992,1991,98002,47.393418,-122.467242,962759.3
5,3,2006,2820,2,0,3,5,10,1987,0,98004,47.351234,-122.187882,741886.32
5,1,1093,8119,1,0,1,4,6,1988,1998,98002,47.466387,-121.569211,417066.51
4,2,2632,8451,1,0,1,4,12,2014,0,98005,47.166802,-121.854825,875536.77
3,2,660,9091,1,0,2,4,12,1982,2000,98001,47.275918,-122.034522,349686.0
1,3,2345,7274,2,0,0,4,10,1963,2007,98003,47.777964,-121.747037,714979.18
2,2,4101,2506,1,0,0,1,10,2020,0,98004,47.118586,-122.01452,1136639.93
3,3,1556,6147,1,0,1,5,5,1951,1959,98002,47.250587,-122.41578,529441.28
5,2,4731,7511,2,0,1,1,8,1974,0,98001,47.340648,-122.333522,1354273.14
1,2,3454,1921,1,0,2,4,9,1995,2012,98001,47.304581,-121.559293,968504.45
2,3,3763,4609,1,0,2,5,6,2021,2008,98003,47.753974,-122.102467,1061991.72
5,3,1524,1980,2,0,3,1,1,1968,2021,98004,47.500442,-122.120952,481543.34
4,2,2788,7894,1,0,2,4,11,1975,0,98001,47.416256,-121.986644,906039.43
4,3,1803,9297,2,0,0,1,4,2009,0,98004,47.355334,-121.801882,553386.08
2,1,3442,1052,1,1,3,2,3,2003,0,98002,47.444187,-122.436731,1018049.73
1,3,3638,8000,2,0,1,4,12,1990,0,98004,47.166874,-121.980534,1033526.58
2,3,3351,1399,1,0,3,3,8,1986,0,98005,47.427394,-121.902879,1016862.13
2,1,1681,8273,2,0,2,2,3,2000,2003,98002,47.672959,-122.142156,485840.19
3,3,4882,8097,2,0,0,3,7,1951,0,98002,47.432649,-122.365364,1351549.81
4,1,846,4929,2,0,3,2,6,1954,0,98001,47.210614,-121.92658,319684.17
4,3,1395,5311,2,0,2,5,9,1991,0,98005,47.297923,-122.326005,527734.92
5,2,4286,8298,2,1,0,5,4,1987,0,98004,47.115124,-122.254492,1324573.37
3,1,1537,6371,1,0,3,2,6,1962,0,98005,47.611902,-121.716694,521026.14
4,3,2511,7827,2,0,1,3,2,1981,0,98005,47.378485,-121.920898,750523.85
3,1,1778,2770,1,0,2,2,1,1964,1983,98003,47.215859,-121.933242,508329.69
1,2,1337,7952,2,0,2,3,10,2015,0,98001,47.753621,-122.304513,473334.07
3,1,1234,6705,2,0,1,4,8,1960,0,98003,47.670023,-122.430435,473014.18
4,2,816,3244,1,0,0,1,9,1967,0,98004,47.201012,-121.737231,374326.46
2,3,1019,2032,1,0,1,4,1,2008,0,98005,47.360394,-122.323538,328443.07
1,2,3162,4236,1,0,1,3,1,1971,0,98004,47.376412,-122.129103,849798.29
1,1,908,4689,1,0,2,5,10,1972,0,98001,47.743393,-121.82471,362258.04
4,3,2466,1060,2,0,2,4,3,2014,2011,98005,47.682418,-122.09066,747624.47
3,3,1583,2187,2,0,3,4,8,1977,0,98002,47.439348,-122.032745,556352.93
2,3,4378,9108,1,0,2,5,8,1986,0,98003,47.305569,-122.259043,1231202.86
4,2,2887,3842,1,0,0,5,9,2001,0,98002,47.546968,-122.454361,895451.01
1,3,3914,8451,1,1,1,3,6,1987,0,98003,47.393003,-122.101607,1154917.81
1,2,1161,4304,2,0,3,5,5,1967,2017,98003,47.133825,-121.764545,413891.27
1,2,4195,8532,2,0,3,5,1,1956,0,98004,47.187188,-121.696022,1128022.08
1,2,2002,8813,1,0,0,4,2,1994,0,98005,47.682289,-121.843592,573539.75
1,3,3178,8215,1,0,1,1,12,2001,2003,98005,47.767739,-121.900797,928064.07
3,1,3544,3457,2,0,2,1,12,2006,0,98005,47.647046,-121.86558,1011839.34
2,3,1170,9109,1,0,0,5,4,1966,0,98005,47.21031,-121.682422,400376.42
3,3,3051,5186,2,1,2,3,12,2014,0,98003,47.668975,-122.065899,1058861.7
2,3,2255,1096,2,0,3,5,6,1999,0,98005,47.224539,-122.209564,710131.7
3,3,4913,5748,1,0,2,4,3,1974,2000,98005,47.218572,-121.711215,1325303.68
4,2,2828,4384,2,0,1,1,10,1968,0,98005,47.410592,-121.683407,852281.13
1,1,3447,1297,1,0,3,2,9,1995,0,98004,47.182401,-122.124806,997900.28
4,3,4485,7597,1,0,0,2,12,1980,0,98003,47.773309,-122.299229,1306717.04
2,3,944,5246,1,0,2,4,9,1957,0,98003,47.418573,-122.162641,353677.78
2,2,3783,9370,2,1,3,4,5,1963,0,98005,47.163097,-121.602306,1157159.5
5,2,4277,1250,2,0,0,2,4,1966,0,98002,47.355525,-121.516242,1176238.19
1,2,4911,4259,1,0,3,3,6,2020,2012,98005,47.23595,-122.318807,1348977.14
1,1,3476,8053,2,0,0,1,4,2021,0,98001,47.329938,-121.66793,910702.69
2,2,1004,6951,1,0,1,5,11,2008,1962,98002,47.70645,-121.657001,410024.74
5,1,2502,1996,1,0,3,3,1,1978,0,98004,47.119241,-121.679307,719605.54
1,3,772,1870,2,0,2,3,7,1986,0,98004,47.546541,-122.427151,314246.8
1,2,1717,6519,2,0,3,3,12,1981,0,98001,47.321114,-121.572487,562529.88
4,3,2301,1062,1,0,3,2,7,1968,0,98001,47.347572,-122.081856,717675.78
3,3,4544,7903,1,0,3,4,5,2012,0,98004,47.678948,-122.072162,1277718.48
5,3,1517,5420,1,0,3,1,12,2019,0,98004,47.724701,-122.464971,573077.83
2,3,3558,5632,2,0,1,1,6,2006,0,98003,47.624599,-122.331292,988681.08
3,2,3712,1985,1,1,1,2,4,1999,0,98004,47.599243,-122.032935,1146680.87
4,1,2465,8723,2,0,3,1,11,1965,0,98005,47.564014,-122.054393,789334.4
2,2,906,9292,1,0,0,2,10,2009,2011,98004,47.28943,-122.2,314819.47
2,2,2451,2736,1,0,3,5,12,1964,0,98003,47.776544,-122.403926,773584.16
4,2,1430,4749,1,0,0,4,10,1981,0,98001,47.500856,-121.577329,533022.05
1,3,1024,2983,2,0,2,2,1,1961,0,98005,47.419534,-121.941603,292603.39
1,2,4351,2570,1,0,1,2,3,1950,1979,98003,47.479871,-122.078338,1142065.83
3,3,2405,1075,1,0,0,3,9,1982,0,98001,47.625181,-121.889569,779636.72
5,3,3019,1164,1,0,2,1,8,1965,0,98003,47.17728,-121.5908,947675.87
1,1,691,2781,2,0,2,1,5,1994,0,98001,47.27881,-122.288187,207584.49
5,3,1458,6527,2,0,2,1,10,1970,1992,98004,47.584276,-121.94341,509555.12
2,3,4609,3068,2,0,2,5,7,1958,0,98001,47.132258,-121.969971,1285708.03
4,1,1411,4691,2,1,0,1,10,1953,0,98004,47.698556,-121.924271,580177.79
3,3,2353,3677,2,0,0,5,10,1956,0,98005,47.525275,-121.539403,774403.98
1,2,4361,6377,2,1,0,5,10,1961,0,98002,47.752833,-122.06221,1317706.81
3,3,4179,8507,1,1,0,4,10,1981,0,98001,47.386187,-122.104144,1325393.68
5,2,1931,1094,1,0,3,2,9,2008,0,98005,47.622473,-122.298341,664567.19
4,3,2612,2391,2,0,0,1,7,1983,0,98001,47.439083,-122.36414,802116.9
5,3,4292,4770,1,0,1,5,9,1982,1991,98001,47.760672,-121.578776,1267208.73
3,2,2986,2444,1,0,0,5,4,1964,0,98003,47.7158,-122.329361,876383.72
2,1,806,5458,1,1,1,3,1,2012,0,98003,47.216596,-121.948134,336347.09
2,3,4182,2132,1,0,3,4,5,2017,0,98001,47.290039,-121.548754,1175833.45
5,3,4817,8216,1,0,1,3,1,1954,0,98001,47.246758,-122.340917,1346064.94
4,1,2339,3827,1,0,1,3,8,1966,1988,98005,47.395888,-122.497067,738420.87
5,1,4496,8433,2,0,3,3,12,1975,0,98002,47.144492,-122.381054,1291649.35
1,1,3616,6655,2,1,0,5,8,1990,0,98004,47.147488,-122.176622,1135748.28
4,3,2604,4142,2,0,3,3,9,2013,0,98001,47.557052,-122.238626,831491.35
4,2,2192,6138,2,0,0,2,6,2015,0,98001,47.358558,-121.698994,661750.8
5,3,2603,6997,1,0,1,5,7,1962,0,98004,47.714067,-122.084175,863717.13
4,2,3519,6797,1,0,0,4,10,1982,2020,98003,47.493001,-121.677376,1052961.02
2,1,708,9425,1,0,0,1,5,1956,0,98001,47.685004,-121.667608,208243.26
3,3,3581,4392,1,0,0,5,3,1979,0,98003,47.135671,-122.073038,993219.35
2,3,3095,3916,2,0,1,2,9,1967,0,98001,47.563112,-122.236989,902306.52
4,3,2291,7321,1,0,1,1,3,2001,0,98003,47.124536,-121.937051,670830.71
3,3,4585,9819,1,0,0,5,7,1950,1990,98002,47.716921,-122.303225,1306808.66
1,1,4931,2625,1,1,2,2,1,2020,0,98004,47.347222,-121.610102,1359350.36
5,1,2322,6283,2,0,2,4,6,1981,0,98002,47.500082,-122.433836,715614.48
4,1,4996,4942,2,0,0,1,12,1960,0,98002,47.68364,-121.69341,1413855.32
5,3,2476,6639,1,1,3,5,9,1972,0,98001,47.615183,-122.113817,934429.68
3,3,3448,2910,2,0,3,4,7,1967,0,98003,47.620538,-122.418837,978944.02
5,2,2735,1394,1,0,0,5,12,1968,0,98002,47.106268,-122.077856,916314.29
4,2,3515,3913,1,0,1,2,4,2018,0,98004,47.51052,-122.009775,1004399.8
4,2,4407,5155,2,0,3,5,10,1966,0,98001,47.731203,-121.646582,1289313.79
2,3,3499,1017,2,0,3,2,9,2012,0,98004,47.451956,-122.149667,1004543.1
5,3,794,2550,1,0,0,2,6,2011,2013,98005,47.485991,-122.101656,351083.53
5,2,4742,8731,1,0,1,4,6,1965,0,98001,47.133607,-121.54388,1365032.96
2,2,3323,2134,1,0,0,3,6,1986,0,98005,47.150269,-122.12723,904762.45
2,2,772,6088,2,0,0,5,2,1982,1976,98005,47.450069,-122.437329,308138.78
5,1,1797,5987,2,0,1,5,11,1958,0,98002,47.316551,-121.924594,661761.16
3,2,4553,3574,1,0,2,3,12,1999,0,98004,47.15439,-122.393946,1283831.92
3,3,3798,9111,2,0,1,3,2,2002,0,98003,47.193611,-122.005356,1014467.31
1,3,907,7331,2,0,3,1,1,1978,0,98004,47.164051,-122.398899,273253.49
2,2,4760,9467,1,0,3,5,2,1956,0,98003,47.525586,-121.501453,1302066.42
3,3,4799,1018,1,0,1,5,1,1993,0,98004,47.420936,-122.152364,1284416.74
4,3,1079,2771,2,0,0,5,7,1965,0,98003,47.62447,-122.071283,424790.97
4,3,775,8451,1,0,2,4,1,2006,0,98002,47.493834,-121.60363,307906.78
2,2,3417,1331,1,1,2,1,10,1963,0,98005,47.188109,-122.192948,1054139.92
4,3,1102,1250,2,0,3,4,1,1974,0,98004,47.761669,-122.259877,369985.27
1,1,2761,2460,1,0,3,1,9,1989,0,98002,47.552192,-122.422367,808539.5
4,2,3571,8529,2,0,1,5,9,1968,0,98005,47.434617,-121.916455,1083757.98
1,2,1328,8896,1,0,3,2,3,1974,0,98001,47.400607,-121.922855,430317.05
5,3,1392,6839,2,0,2,2,3,1995,0,98005,47.649468,-121.883344,502984.59
4,2,4374,3214,2,0,3,5,9,1954,1952,98001,47.145808,-122.439659,1249229.9
4,3,4158,4068,2,0,0,4,8,2010,0,98003,47.678162,-122.049669,1208560.65
3,1,1941,8512,1,0,0,4,6,2011,0,98001,47.525956,-121.911987,624493.26
5,1,2814,1482,2,0,0,3,7,1977,0,98004,47.176667,-122.092802,858557.81
2,3,2538,3389,2,0,3,2,2,2017,0,98002,47.551695,-122.205718,700643.07
2,3,2306,7759,2,0,3,2,4,1980,0,98005,47.723282,-121.735427,659041.16
1,3,3659,1492,1,0,3,5,3,1992,0,98004,47.408846,-122.081434,1025301.15
4,1,3090,3733,1,0,1,1,9,1966,1953,98003,47.632539,-121.701885,919042.92
4,3,4095,3730,1,0,3,3,11,1985,0,98003,47.640403,-122.432022,1191377.67
4,1,1559,4865,2,0,3,5,8,2015,0,98001,47.544316,-122.482055,548443.55
3,2,2530,6892,1,0,1,4,2,1985,2004,98004,47.53105,-122.318311,735057.2
2,3,2404,3195,1,0,1,5,2,2005,0,98004,47.335033,-122.226579,721178.83
4,1,2868,2698,1,0,0,2,10,1967,1950,98001,47.253818,-122.195382,875132.54
5,1,2503,8964,2,1,2,2,10,1985,0,98004,47.351692,-122.006159,884880.97
2,2,2070,3349,2,0,0,4,8,1976,0,98003,47.531385,-121.960152,636385.73
5,1,2031,5156,1,0,2,4,7,1990,0,98004,47.585129,-121.676686,670120.62
5,3,3782,6699,1,0,2,1,4,2011,0,98002,47.107173,-121.659085,1018415.77
1,3,4650,9883,2,1,0,3,3,1997,0,98002,47.319296,-121.945456,1341717.38
1,1,3701,2454,2,0,3,2,11,1999,0,98005,47.536468,-121.592377,1048856.36
3,1,2898,5198,2,0,0,2,3,1956,0,98003,47.476527,-121.927413,810235.96
3,1,3926,3949,2,0,3,3,4,2019,0,98001,47.701508,-122.402031,1076281.17
3,2,1870,4580,2,0,1,2,1,1955,1985,98004,47.757483,-122.075242,552010.06
1,3,3773,5271,2,0,2,2,11,1990,1996,98003,47.583828,-121.539794,1084962.29
4,1,2940,8105,2,0,3,2,6,2008,0,98001,47.598675,-121.647585,852033.65
2,3,1616,5299,2,0,2,2,3,1980,1979,98002,47.346445,-122.059134,454280.99
2,2,2309,8529,2,0,2,4,3,1956,0,98003,47.138375,-121.807893,638058.52
1,2,2920,7405,2,0,1,5,3,1970,1975,98005,47.696223,-122.265377,813939.92
3,3,1430,8923,2,0,3,1,11,2015,0,98005,47.178027,-121.602998,520741.95
3,2,4290,8023,1,0,0,4,8,1950,0,98001,47.169284,-121.845294,1177481.82
2,3,4292,6375,1,1,1,1,5,1956,0,98003,47.766456,-121.630647,1265421.29
4,3,3813,5400,1,0,3,5,1,2000,0,98005,47.691417,-122.191605,1076118.17
4,1,4198,6658,1,0,0,1,2,1990,2012,98005,47.371247,-122.372838,1123495.6
4,1,1060,9670,1,1,3,5,6,1969,0,98005,47.497307,-121.747365,488134.6
5,3,3649,9365,2,1,2,5,7,2011,1976,98003,47.399345,-122.066566,1215391.53
1,1,2762,5647,2,0,1,4,1,1998,1988,98005,47.553444,-122.04827,729555.43
2,3,4961,7418,1,0,1,1,6,2021,0,98005,47.350484,-122.412679,1352054.18
5,2,2475,1039,2,0,0,5,4,1993,0,98003,47.339771,-122.066312,768994.85
3,1,1710,6589,1,0,1,4,1,2012,0,98004,47.430646,-122.346988,493567.1
1,3,1120,1318,1,1,3,3,9,1972,0,98004,47.45411,-122.210017,554529.93
1,1,4724,2797,2,0,2,1,12,1990,0,98001,47.226498,-122.42894,1277764.63
4,1,1937,4286,1,0,3,4,4,1953,0,98002,47.25095,-122.420646,606525.83
3,3,3668,1825,1,0,2,3,2,1987,1966,98004,47.261506,-122.277844,1059849.02
5,3,2736,8497,2,0,0,3,11,1993,0,98005,47.393914,-122.410183,871026.12
2,3,1402,2832,1,0,0,2,4,1967,0,98005,47.754654,-122.224969,463894.76
1,1,3449,5626,2,0,1,2,10,1997,0,98003,47.278849,-121.761072,958917.88
5,1,3077,7200,1,0,1,1,10,1965,0,98005,47.673527,-122.356749,918458.92
4,3,1476,6038,1,0,1,4,1,1958,0,98004,47.351448,-121.593617,479701.81
3,3,4067,7656,2,0,2,2,6,1970,0,98003,47.388554,-122.314806,1158797.81
1,2,4615,9771,1,0,0,2,6,1992,0,98003,47.187168,-121.867623,1197366.25
5,1,2097,6737,2,0,0,5,12,1979,0,98001,47.277572,-122.416052,662296.29
1,2,4438,2120,1,0,3,2,7,2019,0,98004,47.491453,-122.346735,1212956.61
1,1,3564,1387,2,0,1,3,5,1956,1995,98001,47.460456,-121.988323,962199.6
1,1,4820,1713,2,0,2,5,3,1996,1997,98002,47.340893,-122.07506,1263843.97
2,1,1609,6438,2,0,2,5,3,1951,0,98001,47.490815,-121.795919,479307.71
4,3,1651,7694,1,0,2,2,5,1950,2001,98001,47.798334,-122.177313,526656.31
5,3,1812,9026,1,1,1,1,12,2021,0,98002,47.696555,-121.514789,691134.51
3,3,3414,4864,1,1,0,1,9,1953,0,98002,47.13084,-122.472247,1091232.49
5,3,1457,5542,2,1,1,3,2,2016,0,98004,47.567386,-122.431799,616335.88
4,3,1012,5605,2,0,3,5,1,1957,0,98003,47.507468,-121.668772,402280.04
5,1,3949,7282,2,0,1,2,6,1954,0,98003,47.594017,-122.199789,1127380.24
4,2,2175,8736,2,0,1,3,11,1975,0,98002,47.131718,-122.375112,708752.71
1,2,4797,7537,2,0,1,3,3,1969,0,98002,47.271489,-121.898692,1259657.88
5,2,3038,2332,1,0,1,2,11,1956,1974,98003,47.141496,-122.233656,957707.69
2,2,1434,2911,1,0,0,2,5,1998,0,98002,47.578932,-121.792603,454195.19
2,3,2829,2235,2,0,2,4,8,1993,0,98005,47.181025,-121.609451,855399.29
1,2,1139,5226,1,0,1,2,7,2014,1970,98001,47.790136,-122.265691,356454.17
3,2,3101,1564,2,0,0,5,7,2001,1952,98005,47.64952,-121.866527,917140.62
1,2,1876,7055,2,0,1,2,7,1973,2020,98004,47.53937,-122.403301,565418.17
4,1,3573,7370,2,0,3,1,3,1959,2018,98004,47.253181,-121.913493,972235.23
5,2,908,1455,1,0,0,5,7,1999,1966,98004,47.158693,-122.111607,381653.72
2,1,723,1736,2,0,0,3,11,1977,0,98005,47.408911,-121.708607,322159.49
4,1,903,9807,2,0,0,2,12,1972,0,98002,47.693717,-121.742344,403006.56
1,1,4319,1350,1,1,3,1,3,1989,2014,98001,47.615373,-121.688185,1211655.22
2,2,4453,9213,2,0,1,1,5,1984,2005,98002,47.457158,-122.150393,1182064.51
4,3,1695,7343,2,0,0,4,7,1992,0,98005,47.546635,-122.183674,573739.35
1,2,1707,8030,1,0,2,2,12,2014,0,98002,47.707882,-121.642279,565279.1
1,3,3417,6748,2,0,3,4,12,1999,0,98004,47.234183,-122.000787,990517.87
3,2,3228,2792,1,0,0,3,4,2020,0,98003,47.232317,-121.599383,894512.44
2,2,2855,8747,1,1,2,3,8,1973,0,98003,47.769648,-121.983194,895751.53
4,3,3463,4421,1,0,2,1,4,1957,0,98004,47.49142,-122.411154,972494.5
3,1,2653,4391,1,0,3,1,1,1952,0,98003,47.788616,-122.384757,727205.35
5,1,850,2989,1,0,0,2,7,2008,1967,98005,47.57397,-122.38983,352573.9
3,1,3301,1716,2,0,3,1,10,2016,0,98005,47.780728,-122.268064,964690.27
1,3,1606,8338,2,0,2,4,10,1968,0,98004,47.170612,-121.777048,526364.95
5,2,4067,5120,1,0,2,3,10,2005,0,98004,47.224565,-121.723961,1223970.73
1,2,2123,3644,1,0,3,1,2,1983,1963,98004,47.47147,-121.784676,545127.5
4,3,3653,4603,1,0,2,1,7,2002,0,98002,47.49075,-122.240352,1052569.03
3,1,1065,5792,1,0,1,4,7,1993,1975,98003,47.522485,-121.645822,386620.39
4,2,885,2912,1,0,0,1,5,1956,0,98001,47.795405,-122.425306,337142.37
3,3,4326,6279,1,1,3,5,8,2008,0,98004,47.498573,-122.215659,1366021.26
4,3,3004,3059,2,0,2,4,11,2009,0,98002,47.718874,-121.858378,940643.8
1,2,3809,5069,1,0,2,2,4,2005,2004,98001,47.787155,-122.055047,993100.76
5,3,3858,2329,2,0,1,1,12,1966,1957,98003,47.765416,-121.553892,1117673.17
5,3,4165,8076,1,0,3,3,10,2011,0,98003,47.149854,-121.538927,1253501.78
5,1,2130,5527,2,0,0,1,9,1996,1951,98002,47.225097,-121.769106,679462.48
1,3,4281,1201,1,0,3,4,9,1953,1962,98003,47.142457,-122.353839,1207355.44
4,1,1825,9054,1,0,1,5,12,2020,0,98004,47.556646,-121.618886,678490.86
1,3,4067,8925,2,0,2,4,5,2011,2009,98001,47.444016,-121.916406,1153624.39
4,1,4800,3230,1,0,0,5,4,1998,0,98002,47.26079,-121.952013,1331534.12
4,2,3329,2058,2,0,0,3,12,2021,0,98002,47.114881,-122.160664,1010366.59
1,2,4601,1670,2,0,0,1,3,1979,0,98004,47.451295,-121.82356,1160672.29
4,1,3009,9880,2,0,1,2,6,1992,0,98003,47.533467,-122.032143,870645.21
5,2,1210,4900,2,0,0,1,3,1961,0,98003,47.683855,-122.107997,398345.08
4,3,4877,2238,1,0,3,1,6,1982,1982,98005,47.755422,-121.89781,1402846.72
4,1,3101,7092,1,0,2,1,4,1972,1975,98003,47.571661,-121.797037,880074.43
2,1,3266,4737,2,0,3,1,8,2006,0,98004,47.392886,-122.458218,918327.4
5,2,4172,9179,1,0,2,5,4,1956,0,98003,47.21768,-122.451368,1211554.35
5,1,3819,1259,1,0,0,4,12,1998,0,98002,47.598784,-121.965923,1168454.39
3,2,4702,4842,2,0,3,1,8,2006,0,98002,47.300021,-122.390448,1289947.25
2,1,4754,8165,2,0,0,5,2,1956,0,98004,47.264822,-122.275151,1265815.75
5,2,1168,7046,1,0,0,3,1,2021,0,98002,47.360387,-121.650309,396921.01
2,2,1481,8625,2,1,1,4,10,1968,0,98005,47.676033,-122.367223,627419.04
5,3,2928,2584,1,0,1,5,5,1951,0,98005,47.503527,-122.383806,922493.4
3,3,1175,3791,2,0,1,1,12,1971,1961,98004,47.555642,-122.253837,447311.6
1,1,856,5722,1,0,3,2,1,1961,0,98002,47.3178,-121.964088,260689.09
2,2,2690,3530,1,0,3,2,6,1979,0,98002,47.149956,-122.019822,765212.56
2,3,2911,2334,2,0,3,2,7,1957,0,98003,47.371967,-122.165834,841637.21
3,1,4466,9261,2,0,1,5,8,2008,1994,98004,47.540619,-122.33881,1208331.1
4,2,4330,8243,1,0,2,5,3,1997,0,98003,47.559869,-121.818012,1201865.15
1,3,4619,8518,2,0,3,2,3,1993,0,98002,47.571557,-121.701663,1209522.29
2,2,4465,6772,1,0,1,3,4,1953,0,98005,47.331339,-122.177424,1152876.28
1,3,1236,4353,1,0,3,3,6,2021,1986,98003,47.704979,-121.781734,426906.15
4,2,978,7721,1,0,3,5,5,1994,0,98004,47.668596,-122.234328,408817.66
4,1,955,9108,2,1,0,3,12,1971,0,98005,47.328605,-122.074063,504045.58
3,3,3897,1114,1,1,3,4,12,2006,0,98004,47.189721,-121.648138,1243093.39
4,2,2666,7933,1,0,0,1,8,2005,2001,98001,47.388727,-122.295638,759143.51
5,3,2727,7747,2,1,1,5,11,1981,0,98001,47.603216,-122.059095,1026241.9
4,3,4182,6321,2,1,2,2,5,1994,0,98005,47.477271,-122.29406,1273872.6
4,2,2764,2341,2,1,3,5,2,1980,1996,98005,47.464109,-121.716194,916725.88
2,1,2991,3005,2,0,2,3,1,2020,0,98002,47.629369,-122.241042,806843.35
3,3,2385,1700,2,0,3,2,9,1968,0,98005,47.228012,-122.099125,782457.69
5,2,4236,6082,2,0,2,2,8,1994,0,98005,47.493679,-121.876652,1236123.48
1,1,1608,8882,1,0,1,5,8,1987,0,98005,47.706623,-121.698751,504384.24
3,2,1646,1316,1,0,1,1,11,1995,0,98004,47.463408,-121.898128,580121.84
5,2,4786,7339,2,1,3,3,3,1952,0,98003,47.268167,-122.489651,1440593.39
5,3,2894,7436,1,0,1,5,10,1970,0,98002,47.652874,-121.572336,928526.67
2,2,4511,6675,1,0,1,4,1,1982,0,98005,47.604233,-122.21845,1206185.31
2,2,3553,1346,1,0,0,1,5,2000,0,98004,47.548604,-121.707744,984364.99
5,1,1004,5711,2,0,0,5,9,1953,0,98001,47.204245,-122.208681,445825.54
1,3,1560,3562,1,0,2,2,6,1989,0,98001,47.665427,-122.404374,460379.58
1,2,3229,3458,2,0,2,4,12,2003,1995,98003,47.148132,-122.261348,984790.69
1,3,2621,8796,2,0,1,4,5,1977,0,98001,47.618756,-121.741505,751785.76
4,1,1102,5010,2,0,3,4,10,1959,1988,98003,47.48883,-122.286604,422804.89
3,1,1886,9504,2,0,3,5,8,2012,1991,98005,47.533096,-121.78755,632481.97
4,2,4519,9541,1,0,1,5,1,2020,0,98001,47.682782,-122.453918,1271014.94
5,3,1532,2612,1,1,2,2,6,1952,0,98002,47.521625,-122.386309,657880.16
1,2,4989,5999,2,0,1,2,9,2020,2002,98005,47.60478,-122.404047,1369774.01
1,3,749,7610,2,0,0,2,12,1992,0,98005,47.685457,-121.724618,327847.58
5,3,3660,2970,2,0,3,5,8,1979,0,98001,47.244759,-122.471422,1111495.81
3,1,2015,8660,1,0,3,5,9,2007,0,98002,47.772707,-121.5134,675522.25
5,2,3455,8660,2,0,2,1,7,1954,0,98002,47.472496,-122.214768,1017837.37
5,3,3509,6984,2,0,3,2,3,1989,0,98005,47.426869,-122.250128,1015596.89
1,1,2163,9409,1,0,2,1,9,1994,0,98001,47.549416,-121.761277,615884.76
1,1,1893,9299,2,0,0,5,6,2011,1984,98003,47.781693,-121.978145,564285.88
3,3,4232,6946,2,0,1,5,11,1970,2014,98005,47.180967,-121.553045,1267183.45
2,2,4632,3978,2,0,2,3,4,1988,0,98001,47.592373,-121.912158,1262287.11
1,2,1353,8152,2,0,1,3,9,2016,0,98001,47.522002,-122.07991,446507.79
2,2,1413,5058,1,1,3,5,5,2018,0,98004,47.480457,-122.385379,583690.3
1,2,1942,8828,1,0,0,1,1,2004,1993,98003,47.513705,-121.784759,534941.41
3,1,1401,3570,2,0,3,4,5,1996,0,98004,47.188462,-121.516416,457760.45
4,2,2205,5362,1,0,1,4,12,1956,0,98002,47.359584,-121.80293,702492.52
1,2,994,9584,1,0,2,1,4,2006,0,98003,47.133362,-122.071856,333451.71
5,3,911,2014,1,0,0,3,9,2009,0,98004,47.293589,-122.202967,405574.5
3,3,1514,2358,1,0,1,3,10,1979,2008,98003,47.385854,-122.465298,516517.71
2,3,3592,3769,2,0,0,3,1,2016,0,98002,47.427286,-122.173302,975953.37
1,3,3150,7994,1,0,0,5,4,1966,1970,98003,47.28788,-122.112951,903800.71
4,1,832,7193,1,0,2,2,12,1976,1997,98001,47.736766,-121.550492,362107.34
4,2,3663,4499,2,0,3,4,11,2007,0,98004,47.11873,-122.046844,1117217.25
4,2,4250,4358,1,0,3,2,3,2009,0,98004,47.388422,-122.317118,1214577.81
1,1,1032,4804,1,0,3,2,3,2013,0,98003,47.119967,-121.693425,313444.55
4,1,1592,7176,2,0,3,3,12,1963,0,98001,47.494958,-122.407626,523990.34
5,1,4242,3697,1,0,1,5,6,2011,0,98005,47.148134,-121.708584,1275442.61
2,1,3413,3892,1,0,1,1,9,1980,0,98004,47.730713,-121.528155,963203.15
2,2,2787,9077,1,0,0,4,10,1991,0,98004,47.794576,-121.617134,840633.08
5,1,4078,4893,2,0,1,1,12,2007,0,98001,47.777533,-121.628986,1191696.19
2,2,2939,4068,2,0,0,3,12,2013,0,98003,47.137334,-121.613415,873581.85
4,3,3916,1465,2,0,0,2,12,1976,0,98003,47.299089,-121.963793,1166979.28
4,3,3787,5363,2,0,2,4,11,2019,0,98004,47.624605,-122.449202,1111748.09
5,1,1466,4958,2,0,3,2,6,2021,0,98001,47.486218,-121.979499,510145.1
3,2,2472,6793,1,0,0,4,10,1951,2015,98001,47.551537,-122.337677,744036.65
5,3,1175,4784,1,1,2,4,1,1993,1970,98003,47.749256,-122.009983,540138.46
5,3,4879,2081,2,0,1,2,10,1981,0,98004,47.416304,-121.679621,1441438.93
1,1,4982,3142,2,0,3,1,6,2000,0,98004,47.20717,-122.383555,1291457.13
1,2,2718,4423,2,0,1,5,9,1957,0,98001,47.429883,-121.842483,776386.44
3,1,4062,1125,1,0,2,3,5,2003,0,98003,47.657044,-121.916671,1148542.75
5,2,3879,3360,1,1,0,1,3,1989,0,98001,47.116674,-121.844934,1149777.45
1,2,1571,8430,1,0,0,5,1,1983,0,98002,47.751105,-121.551385,442463.46
5,2,2881,2715,1,0,2,1,2,1961,0,98001,47.497479,-121.681291,807248.89
3,2,4921,1001,2,0,3,2,4,1989,0,98003,47.538691,-121.618578,1335989.86
1,1,3995,8612,2,0,1,3,1,1960,0,98002,47.396239,-121.701917,1037456.25
1,3,1252,5444,1,0,3,4,7,1982,0,98005,47.202127,-122.310814,448200.58
2,2,1046,9230,2,0,1,3,5,1984,0,98002,47.673417,-122.458693,366639.61
4,2,4879,2693,1,0,3,2,3,1952,0,98004,47.573336,-122.120605,1310007.72
5,2,4158,9116,1,0,0,1,2,1986,0,98004,47.146673,-121.818854,1127177.98
3,1,2631,3747,1,1,2,4,4,1972,0,98001,47.321401,-122.483621,886338.92
5,2,749,7105,2,0,2,1,1,2014,1989,98005,47.100528,-122.299408,290165.37
5,3,4568,8867,2,0,3,3,8,1950,0,98003,47.696101,-121.750673,1333812.35
5,2,4005,2744,2,0,2,5,6,1953,0,98004,47.566939,-122.301866,1166141.33
3,3,3293,2919,1,0,0,3,2,2012,0,98002,47.624827,-121.840445,895130.83
4,3,1976,8050,1,0,1,4,8,2000,0,98003,47.403321,-122.206777,666398.6
5,1,3253,3016,1,0,0,3,12,2021,2007,98002,47.602572,-122.241783,1026773.24
1,3,1389,2230,1,0,1,3,3,1970,0,98005,47.776558,-121.897979,437583.69
2,2,4740,4090,1,0,2,2,9,1974,0,98003,47.785646,-122.368808,1315302.28
4,3,2520,3081,2,0,2,5,7,1992,0,98004,47.555322,-122.183478,836575.66
4,2,1632,6227,2,0,1,4,6,1956,0,98005,47.326487,-121.684599,565503.67
5,3,3502,8599,2,0,3,3,6,2009,0,98002,47.169815,-122.039349,1047987.56
3,2,2514,3033,1,0,2,2,7,1972,0,98001,47.72698,-121.9921,707266.75
4,1,942,4151,1,0,0,5,11,1996,0,98002,47.176107,-122.04554,386546.62
2,2,2013,3715,2,1,0,1,4,1986,2008,98002,47.195333,-122.233469,658468.9
2,1,4287,2856,1,0,3,4,8,1994,0,98004,47.336057,-122.489075,1178850.71
3,2,2047,2398,2,0,3,5,8,1997,0,98002,47.741643,-122.323522,694291.08
5,3,3686,6226,2,0,2,4,3,1965,0,98003,47.301223,-121.77186,1060421.2
2,2,740,7199,1,0,3,5,1,1997,0,98002,47.278224,-122.024828,259274.43
1,3,1919,3507,1,0,0,3,9,2000,0,98002,47.194739,-121.642477,578045.88
2,2,1682,8092,1,1,0,4,12,1980,0,98004,47.18068,-121.8702,698394.35
4,2,1653,5837,2,1,2,1,2,2003,0,98001,47.240548,-121.694179,578039.16
5,2,1924,7921,1,0,0,1,8,1953,0,98005,47.114704,-121.861104,643141.08
4,1,4744,3598,2,0,0,2,3,1969,0,98002,47.319533,-122.439786,1259290.95
2,3,2710,6342,2,0,0,1,11,2020,0,98001,47.410512,-121.866899,797377.92
3,1,1315,5595,1,0,1,1,7,1987,0,98005,47.15552,-122.481897,405038.15
4,1,1426,2281,1,0,0,1,12,1998,2006,98003,47.768911,-121.88564,497035.51
4,1,3406,4753,2,0,0,1,4,2014,0,98002,47.574057,-122.024816,954171.47
3,1,2913,7832,2,0,2,4,5,2008,0,98004,47.640411,-122.488866,857591.49
1,2,2558,3546,1,0,3,1,5,2011,1972,98004,47.216026,-121.83839,720501.66
2,2,2808,8844,2,0,2,1,2,1992,1978,98004,47.302654,-121.895604,773738.09
3,1,4612,6194,1,0,2,2,3,1964,2016,98003,47.50694,-121.928817,1277222.25
3,1,3648,9740,1,0,2,3,7,1965,1968,98005,47.449072,-121.954873,1061971.04
5,1,4342,4959,1,0,2,4,8,1951,1966,98002,47.633707,-121.594349,1269710.32
4,3,3597,5491,1,0,3,5,2,1969,1971,98002,47.728089,-121.723242,1035735.0
2,3,3641,4014,2,0,2,3,6,1981,0,98004,47.290557,-121.782059,1058005.08
3,2,1756,7253,2,1,2,1,2,1999,2017,98002,47.276799,-121.54358,578955.86
2,3,3906,1480,2,0,2,3,12,1983,1977,98002,47.401914,-122.298651,1135815.93
4,1,3006,1283,1,0,0,5,4,1950,0,98004,47.615533,-121.749736,852137.74
4,3,1388,6041,1,0,0,2,1,1967,0,98005,47.33517,-122.492316,454054.45
2,1,2524,7603,2,0,0,5,6,1959,0,98001,47.767065,-121.670724,757609.23
1,3,3523,2596,2,0,0,5,4,2020,0,98003,47.171987,-122.132806,978469.93
1,3,1193,7593,2,0,1,1,7,1959,2015,98004,47.280311,-122.21536,380074.61
5,3,3440,1029,2,0,0,5,1,1989,0,98004,47.267605,-121.968348,997303.81
2,2,2746,5667,1,0,1,2,12,1981,0,98001,47.563298,-122.240811,834569.79
4,3,4578,8371,1,0,1,2,8,1959,1993,98002,47.450941,-121.657845,1278452.36
5,2,1231,5383,2,0,0,5,4,2011,0,98001,47.724337,-122.25296,463997.54
3,2,3434,2049,2,0,2,4,12,2012,0,98004,47.362758,-122.297221,1024934.9
4,3,2693,9334,2,0,0,1,7,1966,0,98001,47.31073,-122.465388,803713.81
5,1,4778,6214,2,0,1,1,1,1961,0,98003,47.209871,-122.440771,1244187.79
2,1,1112,3811,1,0,1,2,12,1983,0,98004,47.340481,-121.549049,430788.15
3,1,2540,1212,2,0,1,4,4,1978,0,98004,47.521765,-122.17078,732973.16
2,3,905,9358,2,0,0,1,5,2002,0,98002,47.2272,-121.784681,348650.26
2,2,4415,9766,2,0,0,3,5,1979,0,98001,47.468461,-122.170343,1212477.71
4,3,2335,5406,2,1,3,5,1,1989,0,98005,47.619153,-121.550163,818316.06
1,2,3554,1931,2,0,1,4,11,1963,0,98001,47.296214,-122.379326,1059127.47
3,1,4412,7020,1,0,0,3,1,2021,0,98004,47.189654,-122.151902,1168561.97
4,3,2513,2456,2,0,3,5,5,1962,0,98001,47.708332,-121.720055,793002.02
1,1,2985,6399,1,0,1,4,2,1968,0,98005,47.789096,-122.487769,767832.83
2,3,1568,9043,2,0,1,1,2,2017,1987,98001,47.740845,-122.202298,458873.76
3,1,2105,3992,1,0,0,1,7,1978,0,98002,47.2733,-121.602642,603739.29
1,3,4664,9502,2,0,1,2,10,1986,0,98005,47.792503,-121.544294,1287420.88
4,2,3042,1786,1,0,2,4,4,1953,0,98004,47.662516,-121.645583,890321.05
3,2,2712,1698,1,0,1,5,3,2004,0,98001,47.476016,-121.608276,771072.09
5,1,1321,1747,1,0,0,5,10,1957,0,98003,47.576826,-121.65837,549016.7
1,2,2890,3651,2,0,0,4,11,2020,1993,98003,47.640552,-121.829192,853615.29
5,3,2962,5887,1,0,2,2,3,2008,1981,98002,47.100252,-121.548638,900854.81
4,2,2269,3963,1,0,1,1,3,1952,2015,98003,47.517028,-121.75262,655827.63
5,1,686,1856,2,1,2,3,10,2011,0,98003,47.682313,-122.047656,453994.37
1,1,3770,5299,1,0,2,5,4,1975,1959,98004,47.148491,-122.192307,1021456.02
4,1,769,7264,2,0,2,3,9,1991,0,98001,47.585997,-121.90134,359691.83
4,3,1824,3302,1,1,3,2,5,2010,0,98002,47.678702,-122.259063,696523.24
5,1,4138,4930,1,0,3,2,7,1986,2005,98004,47.382166,-121.848823,1195883.62
3,1,2198,1393,1,0,2,2,10,1993,0,98005,47.612003,-121.713585,689514.89
3,2,1512,1700,1,0,0,1,5,1968,0,98005,47.574981,-121.693714,436699.39
1,2,740,3291,2,0,1,2,4,2017,0,98001,47.155071,-122.468349,247929.99
